scenario_id,scenario_type,variant,success,termination_reason,collision_type,episode_reward,steps,path_length,path_efficiency,mean_signed_route_offset,route_side,initial_linear_action,initial_angular_action,min_dynamic_center_distance,min_dynamic_clearance,risk_level,first_turn_time,first_slowdown_time,intervention_geometry_issue,matched_time_path_rms_difference,matched_time_action_rms_difference
0,head_on,baseline,True,success,none,986.7024903477504,147,85.49999999999997,0.9264917111688897,-10.910230137554885,below,1.0,-0.6426262855529785,10.919855088169065,6.919855088169065,conflict,0.0,,none,0.0,0.0
0,head_on,freeze_dynamic,True,success,none,982.8598171716947,151,87.90000000000006,0.9011950091574515,-10.842463444183366,below,1.0,-0.6324856281280518,6.529614297664926,2.529614297664926,conflict,0.0,,none,1.0963130359535265,0.033258937299251556
0,head_on,mirror_y,True,success,none,990.9152219806742,142,82.50000000000006,0.9601823188477574,-7.647582831208758,below,1.0,-0.42042815685272217,10.091715315728198,6.091715315728198,conflict,0.0,,none,16.176558467772793,0.12921233475208282
0,head_on,reverse_dynamic,True,success,none,986.5499042408746,149,86.7,0.9136682964814307,-10.314741633225857,below,1.0,-0.6212826371192932,48.26527344619027,44.26527344619027,conflict,0.0,,none,0.8826508390164578,0.025964543223381042
0,head_on,slow_dynamic,True,success,none,981.2953484724673,149,86.69999999999999,0.9136682964814309,-11.058425395359716,below,1.0,-0.6376831531524658,5.897089779338546,1.897089779338546,conflict,0.0,,none,0.8364264808365054,0.025275645777583122
1,head_on,baseline,True,success,none,955.115182037026,140,81.29999999999998,0.9437342340499907,-9.161003372512589,below,1.0,-0.42537790536880493,4.237629107856207,0.23762910785620672,time_separated,0.0,,none,0.0,0.0
1,head_on,freeze_dynamic,True,success,none,964.8286987141025,140,81.29999999999997,0.9437342340499909,-9.142694972303715,below,1.0,-0.4174351096153259,13.746935934935939,9.746935934935939,time_separated,0.0,,none,1.0660664609778387,0.040284156799316406
1,head_on,mirror_y,True,success,none,964.3480441191275,141,81.90000000000005,0.9368204301375358,-8.948285126121208,below,1.0,-0.6583006381988525,25.15937227709594,21.15937227709594,time_separated,0.0,,none,15.708101276218315,0.1341378092765808
1,head_on,reverse_dynamic,True,success,none,965.0256000841877,140,81.30000000000004,0.9437342340499901,-8.614175739449289,below,1.0,-0.4086199700832367,38.1204530265763,34.1204530265763,time_separated,0.0,,none,1.33447800712761,0.04873775318264961
1,head_on,slow_dynamic,True,success,none,965.1268860982102,140,81.29999999999998,0.9437342340499907,-9.250442257803202,below,1.0,-0.4215098023414612,7.92184803814705,3.9218480381470497,time_separated,0.0,,none,0.6144323986718472,0.027837226167321205
2,head_on,baseline,True,success,none,994.6258725461845,139,80.70000000000006,0.9869263082024916,-3.2145947193553592,below,1.0,-0.4223301410675049,22.28242719830015,18.28242719830015,receding,0.0,,none,0.0,0.0
2,head_on,freeze_dynamic,True,success,none,994.138111447533,139,80.70000000000003,0.9869263082024919,-3.390481916251562,below,1.0,-0.4066530466079712,22.28242719830015,18.28242719830015,receding,0.0,,none,0.15762250971073316,0.0016334881074726582
2,head_on,mirror_y,True,success,none,991.2853036916958,139,80.69999999999999,0.9869263082024925,-1.2026004938910664,below,1.0,-0.20671504735946655,22.28242719830015,18.28242719830015,receding,0.0,,none,4.434209398152079,0.07163110375404358
2,head_on,reverse_dynamic,True,success,none,992.8470074881935,139,80.69999999999995,0.9869263082024929,-3.8093578544816715,below,1.0,-0.3901161849498749,21.96941786750642,17.96941786750642,receding,0.0,,target_static_sweep,0.5404265784218806,0.004507729317992926
2,head_on,slow_dynamic,True,success,none,994.4474071681043,139,80.70000000000002,0.9869263082024922,-3.280372319707979,below,1.0,-0.41460415720939636,22.28242719830015,18.28242719830015,receding,0.0,,none,0.058565667544545286,0.0007182767149060965
3,crossing_left,baseline,True,success,none,969.0625725610403,138,80.09999999999995,0.9682015422245521,-6.987077396474391,below,1.0,-0.668323278427124,10.77659271073365,6.7765927107336505,conflict,0.0,,none,0.0,0.0
3,crossing_left,freeze_dynamic,True,success,none,969.429561535391,139,80.70000000000003,0.9610030177470452,-7.721049279578217,below,1.0,-0.682239830493927,19.369357710635487,15.369357710635487,conflict,0.0,,none,0.8625292320005501,0.009977482259273529
3,crossing_left,mirror_y,True,success,none,970.0741582769299,140,81.30000000000005,0.9539107445533398,-7.277799567549516,below,1.0,-0.45022404193878174,8.220119331290183,4.220119331290183,conflict,0.0,,none,12.729210035630656,0.14176489412784576
3,crossing_left,reverse_dynamic,True,success,none,971.3393585692371,141,81.89999999999993,0.9469223874503863,-8.27611711691451,below,1.0,-0.6952396035194397,28.728827406484562,24.728827406484562,conflict,0.0,,none,1.6222702819109531,0.01710781827569008
3,crossing_left,slow_dynamic,True,success,none,972.6465383798622,139,80.70000000000003,0.9610030177470452,-7.355277811387334,below,1.0,-0.6753817796707153,14.826794900075928,10.826794900075928,conflict,0.0,,none,0.4146055313682339,0.005424469709396362
4,crossing_left,baseline,True,success,none,958.6445839569163,136,78.89999999999989,0.9650171218253576,-6.735259831388963,below,1.0,-0.6039187908172607,29.096442925558655,25.096442925558655,time_separated,0.0,,none,0.0,0.0
4,crossing_left,freeze_dynamic,True,success,none,958.5364378131386,137,79.49999999999994,0.9577339737361089,-6.991450075044694,below,1.0,-0.6251784563064575,45.498625902845724,41.498625902845724,time_separated,0.0,,none,0.44031090950840024,0.008397316560149193
4,crossing_left,mirror_y,True,success,none,957.433792342292,137,79.49999999999997,0.9577339737361086,-6.781314161255022,below,1.0,-0.3641953766345978,13.273100191368458,9.273100191368458,time_separated,0.0,,none,11.8882476690995,0.1198180615901947
4,crossing_left,reverse_dynamic,True,success,none,954.6372142569023,137,79.50000000000001,0.957733973736108,-7.164621355801666,below,1.0,-0.6449865102767944,57.40030340945676,53.40030340945676,time_separated,0.0,,none,0.6878879071537412,0.011585126630961895
4,crossing_left,slow_dynamic,True,success,none,955.8480470130929,136,78.89999999999999,0.9650171218253564,-6.87980320111974,below,1.0,-0.6147105693817139,37.015217271900795,33.015217271900795,time_separated,0.0,,none,0.2522173195377585,0.005165691487491131
5,crossing_left,baseline,True,success,none,946.1030017240045,131,75.90000000000002,0.9890608210256138,-0.8051219665353793,below,1.0,-0.1615360677242279,29.309067219191423,25.309067219191423,receding,0.0,,none,0.0,0.0
5,crossing_left,freeze_dynamic,True,success,none,945.7109830217155,131,75.89999999999998,0.9890608210256143,-1.0528136157111254,below,1.0,-0.17717650532722473,29.288660858499398,25.288660858499398,receding,0.0,,none,0.24002620235711822,0.0021547703072428703
5,crossing_left,mirror_y,True,success,none,949.8363910833043,132,76.49999999999999,0.9813034812528643,-3.8192989493112157,below,1.0,-0.45784813165664673,29.309067219191423,25.309067219191423,receding,0.0,,none,4.291569230836424,0.07068664580583572
5,crossing_left,reverse_dynamic,True,success,none,945.5008191544291,131,75.9,0.989060821025614,-1.2719458074946024,below,1.0,-0.19311851263046265,23.43018975043238,19.43018975043238,receding,0.0,,none,0.43587311245307536,0.004664863459765911
5,crossing_left,slow_dynamic,True,success,none,945.9329888958675,131,75.90000000000003,0.9890608210256135,-0.9512034623893334,below,1.0,-0.16930392384529114,29.309067219191423,25.309067219191423,receding,0.0,,none,0.12757922986034417,0.0010809683008119464
6,crossing_right,baseline,True,success,none,941.0749623723336,135,78.30000000000004,0.9530357303147031,-8.077780305368245,below,1.0,-0.47124096751213074,7.257900347342776,3.257900347342776,conflict,0.0,,none,0.0,0.0
6,crossing_right,freeze_dynamic,False,dynamic_collision,dynamic_collision,279.2800229725881,83,47.10000000000003,,-8.794974015257846,below,1.0,-0.4578835368156433,3.561128219844789,-0.4388717801552109,conflict,0.0,,none,0.2363595081186431,0.01237119734287262
6,crossing_right,mirror_y,True,success,none,943.8224877582131,136,78.90000000000002,0.9457883103123101,-8.833161794438784,below,1.0,-0.6731839776039124,13.536405183229927,9.536405183229927,conflict,0.0,,none,14.66926466600774,0.14034338295459747
6,crossing_right,reverse_dynamic,True,success,none,941.5484353009751,134,77.69999999999999,0.9603950795835432,-7.531108861052559,below,1.0,-0.44429001212120056,15.253743102420739,11.253743102420739,conflict,0.0,,target_static_sweep,0.6738827160164109,0.01354826521128416
6,crossing_right,slow_dynamic,False,dynamic_collision,dynamic_collision,254.37031592422773,79,44.7,,-8.900298414311425,below,1.0,-0.46459731459617615,3.6626128887875358,-0.33738711121246423,conflict,0.0,,none,0.09343872115617192,0.01003551296889782
7,crossing_right,baseline,True,success,none,973.8953114635547,139,80.7,0.9648919058522764,-6.4631497620444405,below,1.0,-0.49804210662841797,18.304639140798244,14.304639140798244,time_separated,0.0,,none,0.0,0.0
7,crossing_right,freeze_dynamic,True,success,none,974.9625452762249,140,81.30000000000004,0.9577709323773514,-7.159359199812401,below,1.0,-0.4777138829231262,10.52819556317187,6.52819556317187,time_separated,0.0,,none,0.7642314879031011,0.01336549874395132
7,crossing_right,mirror_y,False,dynamic_collision,dynamic_collision,80.95846829448433,48,26.10000000000002,,-7.047781039222905,below,1.0,-0.6698466539382935,3.458018000091594,-0.5419819999084061,time_separated,0.0,,none,10.448502410496715,0.22428330779075623
7,crossing_right,reverse_dynamic,False,dynamic_collision,dynamic_collision,217.74083626825885,73,41.10000000000002,,-9.057481447582067,below,1.0,-0.4555851221084595,3.885641319848656,-0.11435868015134387,time_separated,0.0,,none,1.0223153943154848,0.017006173729896545
7,crossing_right,slow_dynamic,True,success,none,971.784135694009,139,80.70000000000005,0.9648919058522759,-6.779161313430069,below,1.0,-0.48812252283096313,15.32341059670445,11.32341059670445,time_separated,0.0,,none,0.3409095219239441,0.005821612197905779
8,crossing_right,baseline,True,success,none,955.1853708938197,132,76.49999999999997,0.9898872182339553,-1.6134939602987695,below,1.0,-0.23533309996128082,29.917545422807923,25.917545422807923,receding,0.0,,none,0.0,0.0
8,crossing_right,freeze_dynamic,True,success,none,953.9202161541275,132,76.50000000000004,0.9898872182339543,-0.747863642252132,below,1.0,-0.21746379137039185,29.917545422807923,25.917545422807923,receding,0.0,,none,0.8328681273035962,0.008795215748250484
8,crossing_right,mirror_y,True,success,none,956.1296190864693,134,77.70000000000005,0.9745993847477157,-5.367634853681932,below,1.0,-0.4026234745979309,29.917545422807923,25.917545422807923,receding,0.0,,none,6.16940310617997,0.0732441172003746
8,crossing_right,reverse_dynamic,True,success,none,952.1007607022513,132,76.5,0.9898872182339549,0.05052187482673479,center,1.0,-0.19822745025157928,28.904747682592916,24.904747682592916,receding,0.0,,none,1.569629849567597,0.01465360727161169
8,crossing_right,slow_dynamic,True,success,none,954.7342754296726,132,76.50000000000013,0.9898872182339532,-1.1815793525876952,below,1.0,-0.22659319639205933,29.917545422807923,25.917545422807923,receding,0.0,,none,0.4185149746991326,0.004652966745197773
9,overtaking,baseline,True,success,none,972.6404973564756,140,81.3000000000001,0.95907886874845,-8.121228692168208,below,1.0,-0.675927996635437,7.861272287157568,3.8612722871575684,conflict,0.0,,none,0.0,0.0
9,overtaking,freeze_dynamic,False,dynamic_collision,dynamic_collision,-18.955713463119864,30,15.300000000000013,,-5.585219279866825,below,1.0,-0.6770217418670654,3.8765206138437054,-0.12347938615629461,conflict,0.0,,none,0.0035948217898441877,0.0039541334845125675
9,overtaking,mirror_y,True,success,none,978.1203942523956,140,81.30000000000001,0.959078868748451,-6.354220055988977,below,1.0,-0.5150892734527588,11.020670625391459,7.020670625391459,conflict,0.0,,none,12.748131349231386,0.14541350305080414
9,overtaking,reverse_dynamic,False,dynamic_collision,dynamic_collision,-64.15376147577797,21,9.899999999999999,,-1.3506320613743648,below,1.0,-0.6776926517486572,3.8093661844192863,-0.19063381558071368,conflict,0.0,,none,0.005461004348767217,0.002357071964070201
9,overtaking,slow_dynamic,True,success,none,961.2861911199951,139,80.7,0.9662095666573616,-7.092665761012223,below,1.0,-0.6765545010566711,5.223171965312026,1.2231719653120257,conflict,0.0,,none,1.0738995624346503,0.011407401412725449
10,overtaking,baseline,True,success,none,965.4092975009322,139,80.69999999999993,0.9555119866029564,-8.548685998492997,below,1.0,-0.551369309425354,9.594440490563404,5.594440490563404,time_separated,0.0,,none,0.0,0.0
10,overtaking,freeze_dynamic,True,success,none,969.9309639037181,138,80.1,0.9626693797610303,-7.014428940702387,below,1.0,-0.551683247089386,15.164594978191142,11.164594978191142,time_separated,0.0,,none,1.4915293829861198,0.01062946580350399
10,overtaking,mirror_y,True,success,none,964.3693003608196,135,78.29999999999998,0.9847997103302495,-4.775795259692413,below,1.0,-0.41133713722229004,26.006137529232642,22.006137529232642,time_separated,0.0,,none,11.65223523847645,0.11457322537899017
10,overtaking,reverse_dynamic,True,success,none,968.5871433474348,137,79.5,0.9699348090422455,-6.239006780692825,below,1.0,-0.5519248247146606,18.246844276233823,14.246844276233823,time_separated,0.0,,none,2.2056462126889143,0.014504740945994854
10,overtaking,slow_dynamic,True,success,none,966.052170797698,138,80.09999999999994,0.962669379761031,-7.619524517289408,below,1.0,-0.5515621900558472,12.78711031363713,8.78711031363713,time_separated,0.0,,none,0.9158611508579406,0.0070031811483204365
11,overtaking,baseline,True,success,none,926.5883161913689,128,74.09999999999997,0.9836262756992077,-1.6968733549163042,below,1.0,-0.1982058435678482,26.970240849630553,22.970240849630553,receding,0.0,,none,0.0,0.0
11,overtaking,freeze_dynamic,True,success,none,926.7886271017545,128,74.09999999999997,0.9836262756992077,-1.5118171422024191,below,1.0,-0.20554329454898834,27.15355167652402,23.15355167652402,receding,0.0,,none,0.1665473575446502,0.0019100288627669215
11,overtaking,mirror_y,True,success,none,925.2705331040912,128,74.09999999999998,0.9836262756992075,-3.9949731429345414,below,1.0,-0.421170175075531,27.153551676524014,23.153551676524014,receding,0.0,,none,5.192387265407581,0.07618025690317154
11,overtaking,reverse_dynamic,True,success,none,927.084876892245,128,74.1,0.9836262756992072,-1.446132440715997,below,1.0,-0.21302548050880432,27.144860838132388,23.144860838132388,receding,0.0,,none,0.22639256699341453,0.0033044840674847364
11,overtaking,slow_dynamic,True,success,none,926.6654386526366,128,74.10000000000001,0.9836262756992071,-1.5859057787853337,below,1.0,-0.20185424387454987,27.119685270251775,23.119685270251775,receding,0.0,,none,0.10021349874895148,0.0010503223165869713
