split,method,reason,count,ids
same_distribution,base-seed1,dynamic_collision,13,24 57 62 71 97 104 114 130 134 141 159 161 166
same_distribution,base-seed1,static_collision_1,9,181 186 188 192 194 200 207 224 225
same_distribution,base-seed1,static_collision_2,39,2 5 10 11 12 13 14 16 19 21 23 25 26 27 31 35 36 39 41 45 50 52 54 58 75 85 95 132 138 140 153 170 175 176 182 205 213 221 236
same_distribution,base-seed2,dynamic_collision,31,20 29 30 33 59 61 66 67 79 81 85 90 91 93 94 95 98 99 100 101 103 109 111 117 143 146 170 173 184 200 236
same_distribution,base-seed2,static_collision_1,46,12 51 63 64 69 70 72 73 74 76 84 96 106 108 110 113 115 118 132 136 153 172 177 185 186 187 188 192 194 195 198 207 208 211 212 218 219 220 223 224 225 228 229 232 238 239
same_distribution,base-seed2,static_collision_2,7,10 36 41 44 45 58 130
same_distribution,base-seed3,dynamic_collision,22,33 61 67 79 81 84 85 90 91 93 94 99 100 103 109 111 117 143 146 160 173 200
same_distribution,base-seed3,static_collision_1,29,70 74 75 76 95 106 132 136 153 172 177 185 186 187 194 195 198 207 208 211 212 218 219 220 224 225 232 238 239
same_distribution,base-seed3,static_collision_2,3,10 36 44
same_distribution,instant-seed1,dynamic_collision,19,17 24 57 62 71 97 114 124 134 141 147 155 157 159 161 166 167 172 187
same_distribution,instant-seed1,static_collision_1,16,11 18 31 48 50 56 67 107 181 186 188 192 194 200 224 239
same_distribution,instant-seed1,static_collision_2,15,2 5 13 14 16 25 27 36 39 41 45 52 58 138 140
same_distribution,instant-seed2,dynamic_collision,19,24 57 71 97 114 123 124 134 137 141 147 155 157 159 161 166 167 171 172
same_distribution,instant-seed2,static_collision_1,21,69 70 74 76 91 99 106 110 115 185 186 187 188 192 194 200 207 224 225 228 239
same_distribution,instant-seed2,static_collision_2,16,2 10 13 14 23 27 36 39 41 45 52 85 95 138 170 221
same_distribution,instant-seed3,dynamic_collision,16,29 33 61 79 81 85 91 100 101 103 109 117 143 146 173 184
same_distribution,instant-seed3,static_collision_1,20,68 73 95 132 153 177 185 194 198 202 205 208 211 218 219 220 225 232 238 239
same_distribution,instant-seed3,static_collision_2,18,10 36 44 48 56 60 67 78 84 86 87 89 99 111 119 160 181 188
same_distribution,predictive-seed1,dynamic_collision,17,24 57 71 97 114 123 124 134 141 147 155 157 159 161 166 167 172
same_distribution,predictive-seed1,static_collision_1,17,65 91 99 106 185 186 187 188 192 194 200 207 223 224 225 228 239
same_distribution,predictive-seed1,static_collision_2,21,2 5 13 14 16 23 25 27 31 36 39 41 45 50 52 58 62 138 140 176 205
same_distribution,predictive-seed2,dynamic_collision,27,14 20 29 30 33 59 61 79 81 83 85 91 94 95 101 103 143 146 173 183 184 200 203 206 209 230 236
same_distribution,predictive-seed2,static_collision_1,29,2 12 69 70 74 76 106 110 115 132 153 177 185 187 194 195 198 207 208 211 212 218 219 224 225 229 232 238 239
same_distribution,predictive-seed2,static_collision_2,16,4 8 11 13 23 24 34 41 44 45 46 49 58 67 162 217
same_distribution,predictive-seed3,dynamic_collision,16,17 24 57 62 71 97 104 114 124 134 141 157 159 161 166 167
same_distribution,predictive-seed3,static_collision_1,23,11 16 18 20 26 29 31 48 50 56 66 67 107 119 181 186 188 192 194 200 224 225 227
same_distribution,predictive-seed3,static_collision_2,21,2 12 25 27 39 41 45 52 54 75 85 95 132 138 140 153 175 176 182 213 221
same_distribution,DWA,timeout,1,225
challenge,base-seed1,dynamic_collision,21,60 62 65 66 67 68 70 71 73 74 77 78 80 81 82 83 84 85 87 88 89
challenge,base-seed1,static_collision_1,8,30 61 95 96 101 105 106 109
challenge,base-seed1,static_collision_2,21,1 2 3 5 7 8 13 14 15 18 19 21 23 27 28 29 92 104 111 114 119
challenge,base-seed2,dynamic_collision,15,31 33 37 38 39 41 43 47 49 51 53 54 57 58 95
challenge,base-seed2,static_collision_1,28,35 36 40 44 46 56 61 63 67 73 75 76 83 85 86 89 92 93 97 98 101 102 104 105 106 107 109 110
challenge,base-seed2,static_collision_2,15,0 2 3 5 8 9 12 13 14 15 18 21 22 23 27
challenge,base-seed3,dynamic_collision,16,31 33 34 37 38 39 41 43 47 49 51 53 54 57 58 95
challenge,base-seed3,static_collision_1,14,86 89 92 93 97 98 101 102 104 105 107 110 111 119
challenge,base-seed3,static_collision_2,13,0 2 5 7 8 9 11 12 13 14 15 18 22
challenge,instant-seed1,dynamic_collision,22,60 62 65 66 67 68 70 71 73 74 77 78 80 81 82 83 84 85 87 88 89 107
challenge,instant-seed1,static_collision_1,9,86 95 96 101 105 106 108 109 110
challenge,instant-seed1,static_collision_2,9,5 8 13 15 19 21 27 28 29
challenge,instant-seed2,dynamic_collision,21,60 62 65 66 67 68 70 71 73 74 77 78 80 81 82 83 84 85 87 88 89
challenge,instant-seed2,static_collision_1,20,30 32 36 46 52 53 54 56 61 72 95 96 99 101 105 106 108 109 110 118
challenge,instant-seed2,static_collision_2,11,2 5 11 13 14 15 18 28 104 111 119
challenge,instant-seed3,dynamic_collision,17,17 31 33 34 37 38 39 41 43 47 49 51 53 54 57 58 95
challenge,instant-seed3,static_collision_1,11,35 86 92 97 98 101 104 105 110 111 119
challenge,instant-seed3,static_collision_2,10,0 2 9 12 15 18 44 55 93 118
challenge,predictive-seed1,dynamic_collision,21,60 62 65 66 67 68 70 71 73 74 77 78 80 81 82 83 84 85 87 88 89
challenge,predictive-seed1,static_collision_1,20,30 35 36 46 52 53 54 61 86 95 96 98 99 101 105 106 108 109 110 118
challenge,predictive-seed1,static_collision_2,12,2 5 8 13 14 15 18 19 21 28 29 111
challenge,predictive-seed2,dynamic_collision,20,10 13 17 19 31 33 37 38 39 41 47 49 51 53 54 57 58 90 95 109
challenge,predictive-seed2,static_collision_1,26,35 36 40 44 56 60 61 67 73 76 83 85 86 89 92 93 97 98 101 104 105 106 107 110 111 119
challenge,predictive-seed2,static_collision_2,13,0 3 5 6 7 8 11 14 15 21 22 23 27
challenge,predictive-seed3,dynamic_collision,21,60 62 65 66 67 68 70 71 73 74 77 78 80 81 82 83 84 85 87 88 89
challenge,predictive-seed3,static_collision_1,8,1 3 21 23 29 101 105 106
challenge,predictive-seed3,static_collision_2,7,5 19 28 92 104 111 119
challenge,DWA,timeout,2,101 105
