split,method,reason,count,scenario_ids
same_distribution,C-seed1,dynamic_collision,10,27 66 93 110 122 148 158 160 173 179
same_distribution,C-seed1,static_collision_1,18,4 12 23 38 49 91 97 114 129 137 144 153 193 202 218 227 229 239
same_distribution,C-seed1,static_collision_2,45,2 6 9 11 15 17 26 31 33 39 47 51 53 71 78 84 85 88 89 92 95 102 103 105 109 115 117 127 128 134 151 152 156 165 171 195 197 206 211 213 216 221 231 235 236
same_distribution,C-seed2,dynamic_collision,18,27 104 110 114 122 123 126 127 129 144 148 153 158 160 171 173 176 179
same_distribution,C-seed2,static_collision_1,7,193 202 218 226 227 229 230
same_distribution,C-seed2,static_collision_2,40,2 6 9 11 15 17 33 47 51 53 71 78 84 85 88 89 92 95 102 103 105 109 115 117 128 134 151 152 156 195 197 203 206 211 213 216 221 231 235 236
same_distribution,C-seed3,dynamic_collision,10,23 121 131 137 154 155 162 169 170 189
same_distribution,C-seed3,static_collision_1,62,0 2 6 9 11 15 26 31 33 39 47 51 53 65 69 71 77 78 84 85 88 92 95 99 102 103 105 109 115 117 125 127 128 134 151 152 156 176 179 180 181 184 187 190 195 197 203 204 205 206 207 211 212 213 216 217 221 231 232 235 236 238
same_distribution,C-seed3,static_collision_2,9,62 67 72 80 82 106 110 113 116
same_distribution,D-seed1,dynamic_collision,10,27 66 93 104 110 114 122 158 173 179
same_distribution,D-seed1,static_collision_1,14,86 91 120 135 142 181 193 202 208 218 223 226 227 229
same_distribution,D-seed1,static_collision_2,44,2 3 4 5 11 14 15 17 23 26 32 33 34 37 38 39 40 41 42 47 51 53 55 71 84 85 88 92 95 102 103 105 109 117 127 128 134 156 165 171 195 211 221 236
same_distribution,D-seed2,dynamic_collision,30,49 61 65 69 71 72 75 79 80 82 88 92 95 96 99 102 103 105 112 116 119 121 131 134 137 154 155 162 169 170
same_distribution,D-seed2,static_collision_1,49,33 39 70 83 85 86 98 100 108 111 117 118 120 123 124 127 135 142 158 159 166 177 180 181 183 184 185 187 189 191 193 195 196 202 204 205 208 209 212 215 217 220 221 222 226 227 229 232 238
same_distribution,D-seed2,static_collision_2,13,14 32 36 37 41 42 44 48 55 62 106 144 147
same_distribution,D-seed3,dynamic_collision,20,69 72 75 79 80 95 99 100 102 103 105 112 116 121 137 154 155 162 169 170
same_distribution,D-seed3,static_collision_1,33,33 39 65 71 85 92 109 117 123 158 166 177 180 181 183 184 185 187 189 195 196 202 204 205 208 209 212 217 221 222 227 232 238
same_distribution,D-seed3,static_collision_2,18,1 3 8 19 30 32 36 37 41 42 43 44 46 48 55 62 82 113
same_distribution,A-seed1,dynamic_collision,17,56 66 93 104 110 114 129 138 139 144 146 153 159 164 176 178 200
same_distribution,A-seed1,static_collision_1,10,181 193 202 208 218 223 226 227 229 230
same_distribution,A-seed1,static_collision_2,70,0 6 9 14 16 17 18 26 28 29 31 39 51 53 60 61 63 65 70 74 75 78 83 89 90 96 98 99 100 101 109 117 118 122 126 127 128 131 134 141 145 149 151 152 155 156 158 162 165 166 171 179 180 183 185 187 195 197 203 204 206 207 211 213 216 221 231 233 235 236
same_distribution,B-seed1,dynamic_collision,16,27 56 66 93 110 114 139 146 159 166 178 200 208 213 223 227
same_distribution,B-seed1,static_collision_1,15,4 12 38 42 49 91 97 129 137 144 153 181 218 229 239
same_distribution,B-seed1,static_collision_2,56,0 2 6 9 11 15 16 17 26 28 31 33 39 47 51 53 65 71 78 84 85 88 89 92 95 98 102 103 105 109 115 117 122 126 127 128 134 138 141 149 151 152 156 158 165 171 179 195 197 206 211 216 221 231 235 236
same_distribution,round0-seed1,dynamic_collision,26,47 61 62 72 76 77 79 80 82 84 88 92 98 99 100 102 105 116 119 121 137 154 155 162 169 170
same_distribution,round0-seed1,static_collision_1,32,0 11 26 33 39 53 65 85 108 117 127 134 177 180 181 183 184 185 187 189 195 202 204 205 206 212 216 217 221 229 232 238
same_distribution,round0-seed1,static_collision_2,28,1 3 5 7 8 10 13 14 19 22 23 25 27 30 34 36 37 40 41 42 43 44 46 48 54 58 59 144
challenge,C-seed1,dynamic_collision,19,23 61 63 65 66 67 68 70 72 74 75 77 78 79 81 85 87 89 115
challenge,C-seed1,static_collision_1,6,3 22 92 97 110 117
challenge,C-seed1,static_collision_2,18,1 7 8 9 10 14 21 24 28 41 53 59 64 84 86 93 100 102
challenge,C-seed2,dynamic_collision,18,61 63 65 66 67 68 70 72 74 75 77 78 79 81 85 87 89 115
challenge,C-seed2,static_collision_1,2,92 97
challenge,C-seed2,static_collision_2,18,1 7 8 9 10 21 24 28 41 49 53 59 64 84 86 93 100 102
challenge,C-seed3,dynamic_collision,20,30 31 32 36 38 39 40 43 44 45 46 47 48 49 52 57 58 107 113 114
challenge,C-seed3,static_collision_1,25,1 7 8 10 21 24 28 34 41 53 59 64 68 84 89 93 94 96 100 102 103 104 105 111 115
challenge,D-seed1,dynamic_collision,19,23 61 63 65 66 67 68 70 72 74 75 77 78 79 81 85 87 89 115
challenge,D-seed1,static_collision_1,7,50 92 97 99 104 106 119
challenge,D-seed1,static_collision_2,17,0 2 4 5 6 9 12 13 14 15 16 17 20 22 26 93 102
challenge,D-seed2,dynamic_collision,19,30 31 32 36 38 39 40 43 44 45 46 47 48 49 52 57 58 107 113
challenge,D-seed2,static_collision_1,31,8 28 37 42 50 56 60 66 70 71 75 76 80 88 90 92 94 95 97 99 100 102 103 104 105 106 108 111 112 116 119
challenge,D-seed2,static_collision_2,9,0 2 4 12 14 16 18 20 29
challenge,D-seed3,dynamic_collision,19,30 31 32 36 38 39 40 43 44 45 46 47 48 49 52 57 58 107 113
challenge,D-seed3,static_collision_1,15,8 28 42 88 94 95 97 100 102 103 104 105 108 111 119
challenge,D-seed3,static_collision_2,9,0 2 4 5 12 17 18 20 29
challenge,A-seed1,dynamic_collision,25,7 10 18 25 61 63 65 66 67 68 70 72 74 75 77 78 79 81 85 87 89 93 95 115 118
challenge,A-seed1,static_collision_1,6,92 97 99 104 106 119
challenge,A-seed1,static_collision_2,27,0 1 4 8 9 14 21 24 28 30 41 43 45 49 51 56 59 64 84 86 91 100 102 108 109 113 116
challenge,B-seed1,dynamic_collision,26,7 10 18 23 25 61 63 65 66 67 68 70 72 74 75 77 78 79 81 85 87 89 93 95 115 118
challenge,B-seed1,static_collision_1,9,3 22 50 92 97 104 106 110 119
challenge,B-seed1,static_collision_2,17,1 8 14 21 24 28 41 49 53 56 59 64 84 86 88 100 102
challenge,round0-seed1,dynamic_collision,18,30 31 32 36 38 39 40 43 44 45 46 47 48 49 57 58 91 107
challenge,round0-seed1,static_collision_1,17,1 7 8 10 21 28 42 94 95 100 102 103 104 105 106 111 119
challenge,round0-seed1,static_collision_2,16,0 2 4 5 6 9 12 13 14 15 16 17 18 20 26 29
