method,dataset,outcome,zone,n,mean,std,p_upper_clip,p_brake_0_1,sample_brake_fraction,v_after,delta_v,deterministic_upper_clip_fraction,deterministic_brake_fraction
base-seed1,validation_D,all,steady,6290,1.6626927278000145,0.9966651797294617,0.7447261265980158,0.23449770718355348,0.23468551271860094,3.0,0.0,1.0,0.0
base-seed1,validation_D,all,high_risk,633,1.7057246306872857,0.9966651797294617,0.759696753327202,0.22007026683118514,0.2211443522906793,3.0,0.0,1.0,0.0
base-seed1,validation_D,all,static_near,261,1.657814050542897,0.9966651797294617,0.7440514896528464,0.23503950596115583,0.23473419540229884,3.0,0.0,1.0,0.0
base-seed1,validation_D,success,steady,5579,1.652075355573033,0.9966651797294617,0.741201733343563,0.23787680138780715,0.23802148682559598,3.0,0.0,1.0,0.0
base-seed1,validation_D,success,high_risk,346,1.6913278847071476,0.9966651797294617,0.7552107591950188,0.22434265935010497,0.2265625,3.0,0.0,1.0,0.0
base-seed1,validation_D,success,static_near,193,1.653378621901873,0.9966651797294617,0.7423271041054164,0.23671613487112375,0.2349417098445596,3.0,0.0,1.0,0.0
base-seed1,validation_D,failure,steady,711,1.746004007201322,0.9966651797294617,0.7723809648070068,0.20798298627563333,0.20850914205344584,3.0,0.0,1.0,0.0
base-seed1,validation_D,failure,high_risk,287,1.7230809864682188,0.9966651797294617,0.7651049553123429,0.21491957759234787,0.2146123693379791,3.0,0.0,1.0,0.0
base-seed1,validation_D,failure,static_near,68,1.6704028406563927,0.9966651797294617,0.7489457015742281,0.23028083861374674,0.23414522058823528,3.0,0.0,1.0,0.0
base-seed1,common_encounters,all,steady,7190,1.6643552806015969,0.9966651797294617,0.7458005756411048,0.23340992635716967,0.23288204102920723,3.0,0.0,1.0,0.0
base-seed1,common_encounters,all,high_risk,502,1.7340693461942482,0.9966651797294617,0.7681528023459709,0.21205227690633482,0.2125871513944223,3.0,0.0,1.0,0.0
base-seed1,common_encounters,all,static_near,183,1.678850898325769,0.9966651797294617,0.7509942252971157,0.22839042754961533,0.22447062841530055,3.0,0.0,1.0,0.0
base-seed1,common_encounters,success,steady,6321,1.6504317748737078,0.9966651797294617,0.741342166414472,0.23766816778550334,0.23691118889416232,3.0,0.0,1.0,0.0
base-seed1,common_encounters,success,high_risk,251,1.6934325676040345,0.9966651797294617,0.7556293579085651,0.22396424966873935,0.22316982071713148,3.0,0.0,1.0,0.0
base-seed1,common_encounters,success,static_near,136,1.6553146865438013,0.9966651797294617,0.7435746878102885,0.23546369185969612,0.23069852941176472,3.0,0.0,1.0,0.0
base-seed1,common_encounters,failure,steady,869,1.7656331628869675,0.9966651797294617,0.7782305005220551,0.20243599762472209,0.20357451093210588,3.0,0.0,1.0,0.0
base-seed1,common_encounters,failure,high_risk,251,1.774706124784462,0.9966651797294617,0.7806762467833769,0.2001403041439304,0.20200448207171315,3.0,0.0,1.0,0.0
base-seed1,common_encounters,failure,static_near,47,1.7469556813544416,0.9966651797294617,0.7724635252589988,0.2079231095459773,0.2064494680851064,3.0,0.0,1.0,0.0
base-seed2,validation_D,all,steady,5687,1.3375111544972798,1.0293315649032593,0.627316968309454,0.3484985448225537,0.34886858185334974,2.999222404260469,-2.072583042256795e-05,0.9850536310884473,0.0
base-seed2,validation_D,all,high_risk,728,1.3978353231162814,1.0293315649032593,0.6496012282331666,0.326852386381577,0.3236607142857143,3.0,0.0,1.0,0.0
base-seed2,validation_D,all,static_near,290,1.3712712425610114,1.0293315649032593,0.6398157366632653,0.336352089994445,0.3337823275862069,2.999397058219745,-0.00023775902287713412,0.9862068965517241,0.0
base-seed2,validation_D,success,steady,4670,1.3174051133672482,1.0293315649032593,0.6199013007009712,0.3557180869339703,0.3564808618843683,2.999053064888499,-2.5239357090608978e-05,0.9817987152034261,0.0
base-seed2,validation_D,success,high_risk,285,1.3844196587278133,1.0293315649032593,0.644701158288366,0.33164886208307587,0.32456140350877194,3.0,0.0,1.0,0.0
base-seed2,validation_D,success,static_near,190,1.3327435553073883,1.0293315649032593,0.6258467711026616,0.3499405562674575,0.3447368421052632,2.9990797204406636,-0.0003628953507072047,0.9789473684210527,0.0
base-seed2,validation_D,failure,steady,1017,1.4298368300894604,1.0293315649032593,0.6613692472982592,0.31534686177406246,0.313913470993117,3.0,0.0,1.0,0.0
base-seed2,validation_D,failure,high_risk,443,1.406466168151752,1.0293315649032593,0.6527536434346749,0.3237666175894164,0.32308126410835214,3.0,0.0,1.0,0.0
base-seed2,validation_D,failure,static_near,100,1.4444738483428956,1.0293315649032593,0.6663567712284123,0.31053400407572124,0.31296875,3.0,0.0,1.0,0.0
base-seed2,common_encounters,all,steady,6318,1.3307150520264026,1.0293315649032593,0.6245872565619441,0.3510861612172079,0.35060046691991137,2.9986657839611612,-4.347823454104258e-05,0.9708768597657487,0.0
base-seed2,common_encounters,all,high_risk,607,1.4349431928732053,1.0293315649032593,0.6629407498756539,0.31385815739617,0.3136326194398682,3.0,0.0,1.0,0.0
base-seed2,common_encounters,all,static_near,224,1.3905138719294752,1.0293315649032593,0.6469288059053605,0.32947744969083803,0.32986886160714285,3.0,0.0,1.0,0.0
base-seed2,common_encounters,success,steady,5399,1.3069619994888617,1.0293315649032593,0.6159479388731223,0.3594711694456927,0.35878461289127617,2.9984386781008734,-5.087895644199055e-05,0.965919614743471,0.0
base-seed2,common_encounters,success,high_risk,171,1.4303277277807047,1.0293315649032593,0.6615237438823208,0.31520419384727144,0.31085526315789475,3.0,0.0,1.0,0.0
base-seed2,common_encounters,success,static_near,129,1.3426417232483856,1.0293315649032593,0.6295087936781164,0.3464877319637276,0.34532461240310075,3.0,0.0,1.0,0.0
base-seed2,common_encounters,failure,steady,919,1.4702610048557652,1.0293315649032593,0.6753420728861543,0.30182537838196394,0.3025197225244831,3.0,0.0,1.0,0.0
base-seed2,common_encounters,failure,high_risk,436,1.4367533867512274,1.0293315649032593,0.66349650222625,0.3133302394302563,0.31472190366972475,3.0,0.0,1.0,0.0
base-seed2,common_encounters,failure,static_near,95,1.4555192106648496,1.0293315649032593,0.6705833488244606,0.3063792769202827,0.3088815789473684,3.0,0.0,1.0,0.0
base-seed3,validation_D,all,steady,6442,2.060948589469142,1.059280514717102,0.8374685432714016,0.14778781617804923,0.1470525457932319,3.0,0.0,1.0,0.0
base-seed3,validation_D,all,high_risk,646,2.044214307708268,1.059280514717102,0.8334913497444875,0.1515081147873854,0.154484326625387,3.0,0.0,1.0,0.0
base-seed3,validation_D,all,static_near,310,2.0577685663777014,1.059280514717102,0.8367513164217839,0.1484593658440249,0.14969758064516128,3.0,0.0,1.0,0.0
base-seed3,validation_D,success,steady,5886,2.0570740546250157,1.059280514717102,0.8368145638378605,0.148391772120467,0.14740220438328236,3.0,0.0,1.0,0.0
base-seed3,validation_D,success,high_risk,411,2.0342049656703236,1.059280514717102,0.8329510644177179,0.15192938825492808,0.15685827250608272,3.0,0.0,1.0,0.0
base-seed3,validation_D,success,static_near,259,2.066865864407602,1.059280514717102,0.8395100376602855,0.14583454173856208,0.14653716216216217,3.0,0.0,1.0,0.0
base-seed3,validation_D,failure,steady,556,2.10196569754923,1.059280514717102,0.8443917859797159,0.14139413870130257,0.14335094424460432,3.0,0.0,1.0,0.0
base-seed3,validation_D,failure,high_risk,235,2.06172000803846,1.059280514717102,0.8344362742947099,0.15077133438244908,0.15033244680851063,3.0,0.0,1.0,0.0
base-seed3,validation_D,failure,static_near,51,2.0115685626572253,1.059280514717102,0.8227413399360592,0.16178935492863003,0.16574754901960784,3.0,0.0,1.0,0.0
base-seed3,common_encounters,all,steady,6786,2.0520207245652737,1.059280514717102,0.835555649643757,0.14957563939868473,0.14863551797819038,3.0,0.0,1.0,0.0
base-seed3,common_encounters,all,high_risk,467,2.0607022664786916,1.059280514717102,0.8376641403533097,0.1475754403116959,0.14768468950749464,3.0,0.0,1.0,0.0
base-seed3,common_encounters,all,static_near,230,2.0163293294284657,1.059280514717102,0.8289541633455639,0.1556716842661702,0.1576766304347826,3.0,0.0,1.0,0.0
base-seed3,common_encounters,success,steady,6108,2.0448499925400436,1.059280514717102,0.833982689667462,0.1510501016289966,0.15003376719056974,3.0,0.0,1.0,0.0
base-seed3,common_encounters,success,high_risk,163,1.9353393850151015,1.059280514717102,0.8099692484531767,0.1735144713556118,0.17398389570552147,3.0,0.0,1.0,0.0
base-seed3,common_encounters,success,static_near,150,1.989796862602234,1.059280514717102,0.8233887439534168,0.16086606417172378,0.16177083333333334,3.0,0.0,1.0,0.0
base-seed3,common_encounters,failure,steady,678,2.11662077059788,1.059280514717102,0.8497262094302008,0.13629243098755683,0.136038901179941,3.0,0.0,1.0,0.0
base-seed3,common_encounters,failure,high_risk,304,2.127919864105551,1.059280514717102,0.8525137041023944,0.13366734142959627,0.13358347039473684,3.0,0.0,1.0,0.0
base-seed3,common_encounters,failure,static_near,80,2.0660777047276495,1.059280514717102,0.8393893247058403,0.14593222194325733,0.15,3.0,0.0,1.0,0.0
instant-seed1,validation_D,all,steady,6424,2.5701429751860547,1.0972598791122437,0.9187931531001957,0.07265492526846112,0.07243831724782067,3.0,0.0,1.0,0.0
instant-seed1,validation_D,all,high_risk,467,2.5015129550366124,1.0972598791122437,0.9091782399969727,0.08149901035479451,0.08103586723768737,3.0,0.0,1.0,0.0
instant-seed1,validation_D,all,static_near,159,2.567001518213524,1.0972598791122437,0.9189290783133298,0.07250466383413981,0.06790487421383648,3.0,0.0,1.0,0.0
instant-seed1,validation_D,success,steady,5997,2.5757601234104626,1.0972598791122437,0.919388794711749,0.07211481657218442,0.07182236951809239,3.0,0.0,1.0,0.0
instant-seed1,validation_D,success,high_risk,249,2.525122272441665,1.0972598791122437,0.9114381725890763,0.07946536626905236,0.07950552208835342,3.0,0.0,1.0,0.0
instant-seed1,validation_D,success,static_near,115,2.567438393053801,1.0972598791122437,0.918653488457828,0.07276785771073678,0.06644021739130435,3.0,0.0,1.0,0.0
instant-seed1,validation_D,failure,steady,427,2.491252956680727,1.0972598791122437,0.9104276665791536,0.08024047995598178,0.08108899297423888,3.0,0.0,1.0,0.0
instant-seed1,validation_D,failure,high_risk,218,2.4745463493767135,1.0972598791122437,0.9065969408436066,0.08382184236098623,0.08278383027522936,3.0,0.0,1.0,0.0
instant-seed1,validation_D,failure,static_near,44,2.5658596862446177,1.0972598791122437,0.9196493699811189,0.07181677074757957,0.07173295454545454,3.0,0.0,1.0,0.0
instant-seed1,common_encounters,all,steady,6887,2.566712295418816,1.0972598791122437,0.9189319149536418,0.07250446684047863,0.07185639610861043,3.0,0.0,1.0,0.0
instant-seed1,common_encounters,all,high_risk,358,2.5161303095311425,1.0972598791122437,0.9101923545248225,0.080603322603957,0.07856145251396648,3.0,0.0,1.0,0.0
instant-seed1,common_encounters,all,static_near,109,2.6639272641698155,1.0972598791122437,0.9327045096089985,0.05983870203111924,0.05834288990825688,3.0,0.0,1.0,0.0
instant-seed1,common_encounters,success,steady,6151,2.5713417024810883,1.0972598791122437,0.9196065531738221,0.07188302387422693,0.07117237034628515,3.0,0.0,1.0,0.0
instant-seed1,common_encounters,success,high_risk,73,2.526407049126821,1.0972598791122437,0.9140181869232761,0.07697661437355255,0.0742722602739726,3.0,0.0,1.0,0.0
instant-seed1,common_encounters,success,static_near,68,2.6754548093851875,1.0972598791122437,0.9343926685274938,0.05828332009372494,0.0625,3.0,0.0,1.0,0.0
instant-seed1,common_encounters,failure,steady,736,2.5280227806905042,1.0972598791122437,0.913293736023847,0.07769807510870452,0.07757302989130435,3.0,0.0,1.0,0.0
instant-seed1,common_encounters,failure,high_risk,285,2.513498021845232,1.0972598791122437,0.9092124044718853,0.08153226892262201,0.07966008771929825,3.0,0.0,1.0,0.0
instant-seed1,common_encounters,failure,static_near,41,2.644808408690662,1.0972598791122437,0.9299046362807626,0.062418359878504893,0.051448170731707314,3.0,0.0,1.0,0.0
instant-seed2,validation_D,all,steady,6096,2.3371406114633313,1.0818873643875122,0.8761552467978746,0.11241925152870216,0.11217396653543307,3.0,0.0,1.0,0.0
instant-seed2,validation_D,all,high_risk,467,2.5549857710873036,1.0818873643875122,0.9190829972743488,0.07230910519926018,0.06989427194860813,3.0,0.0,1.0,0.0
instant-seed2,validation_D,all,static_near,180,2.410315779182646,1.0818873643875122,0.8910130960586559,0.09850377166056862,0.09635416666666667,3.0,0.0,1.0,0.0
instant-seed2,validation_D,success,steady,5662,2.310045717336061,1.0818873643875122,0.8714039334420276,0.11683579232480348,0.11673768103143765,3.0,0.0,1.0,0.0
instant-seed2,validation_D,success,high_risk,231,2.4521875087316936,1.0818873643875122,0.9044616766378694,0.08575626322907678,0.0854301948051948,3.0,0.0,1.0,0.0
instant-seed2,validation_D,success,static_near,122,2.257006808382566,1.0818873643875122,0.8670383280729257,0.1206750996584731,0.11808401639344263,3.0,0.0,1.0,0.0
instant-seed2,validation_D,failure,steady,434,2.6906228477504395,1.0818873643875122,0.9381412749564135,0.054800693953758216,0.05263536866359447,3.0,0.0,1.0,0.0
instant-seed2,validation_D,failure,high_risk,236,2.6556061041557184,1.0818873643875122,0.9333945441685304,0.059146844585329525,0.0546875,3.0,0.0,1.0,0.0
instant-seed2,validation_D,failure,static_near,58,2.7327932694862627,1.0818873643875122,0.9414427804424325,0.05186753000980399,0.05064655172413793,3.0,0.0,1.0,0.0
instant-seed2,common_encounters,all,steady,6761,2.324034412572624,1.0818873643875122,0.874851782420262,0.11359136831698648,0.1133523147463393,3.0,0.0,1.0,0.0
instant-seed2,common_encounters,all,high_risk,409,2.5743151390173615,1.0818873643875122,0.9225647353578328,0.0690805301131196,0.06998777506112469,3.0,0.0,1.0,0.0
instant-seed2,common_encounters,all,static_near,186,2.529744014304171,1.0818873643875122,0.9135400797832485,0.07750373967318343,0.07972110215053764,3.0,0.0,1.0,0.0
instant-seed2,common_encounters,success,steady,6269,2.3003303767733834,1.0818873643875122,0.8706093193564264,0.11753864211616762,0.11714886744297336,3.0,0.0,1.0,0.0
instant-seed2,common_encounters,success,high_risk,162,2.6089549329545765,1.0818873643875122,0.9267191280665362,0.06526892611120788,0.06548996913580248,3.0,0.0,1.0,0.0
instant-seed2,common_encounters,success,static_near,140,2.527114244018282,1.0818873643875122,0.9123654051793918,0.07861492481513785,0.07879464285714285,3.0,0.0,1.0,0.0
instant-seed2,common_encounters,failure,steady,492,2.626068153274738,1.0818873643875122,0.9289086949145394,0.06329571903433094,0.06497713414634146,3.0,0.0,1.0,0.0
instant-seed2,common_encounters,failure,high_risk,247,2.5515959219411317,1.0818873643875122,0.9198399919618413,0.07158044852732891,0.07293775303643725,3.0,0.0,1.0,0.0
instant-seed2,common_encounters,failure,static_near,46,2.5377476630003555,1.0818873643875122,0.9171151764036817,0.07412187184984388,0.08254076086956522,3.0,0.0,1.0,0.0
instant-seed3,validation_D,all,steady,6565,1.974276438289622,1.0339094400405884,0.8217563136069279,0.16228428123760688,0.16210729246001523,3.0,0.0,1.0,0.0
instant-seed3,validation_D,all,high_risk,675,1.8732692577220775,1.0339094400405884,0.7937699421698802,0.18882402722092406,0.19032407407407406,3.0,0.0,1.0,0.0
instant-seed3,validation_D,all,static_near,301,1.942679304617188,1.0339094400405884,0.8130866198038209,0.17050859412748828,0.171875,3.0,0.0,1.0,0.0
instant-seed3,validation_D,success,steady,5661,2.001120218706729,1.0339094400405884,0.8287797474407284,0.15565137827942166,0.15560689365836425,3.0,0.0,1.0,0.0
instant-seed3,validation_D,success,high_risk,341,1.8965508070859043,1.0339094400405884,0.7998481538897668,0.18308563944527725,0.1850714809384164,3.0,0.0,1.0,0.0
instant-seed3,validation_D,success,static_near,238,1.9788654987551586,1.0339094400405884,0.8236659551371742,0.1604388719006724,0.16261817226890757,3.0,0.0,1.0,0.0
instant-seed3,validation_D,failure,steady,904,1.8061761717616984,1.0339094400405884,0.777774390008317,0.20382063482863177,0.20281388274336284,3.0,0.0,1.0,0.0
instant-seed3,validation_D,failure,high_risk,334,1.849499771694937,1.0339094400405884,0.7875643427792172,0.19468268060863533,0.19568675149700598,3.0,0.0,1.0,0.0
instant-seed3,validation_D,failure,static_near,63,1.80597590454041,1.0339094400405884,0.7731202418778191,0.2085497669843483,0.20684523809523808,3.0,0.0,1.0,0.0
instant-seed3,common_encounters,all,steady,7133,1.9836585671273652,1.0339094400405884,0.8243271374383833,0.15984486802759001,0.1594832118323286,3.0,0.0,1.0,0.0
instant-seed3,common_encounters,all,high_risk,490,1.8784223145368149,1.0339094400405884,0.7959726037177713,0.18668574291429038,0.18702168367346939,3.0,0.0,1.0,0.0
instant-seed3,common_encounters,all,static_near,182,1.9445688076071688,1.0339094400405884,0.8145963532136786,0.16901066813102625,0.1722184065934066,3.0,0.0,1.0,0.0
instant-seed3,common_encounters,success,steady,6581,2.0037266244607173,1.0339094400405884,0.8295833368513164,0.15488037299640556,0.15434346983741074,3.0,0.0,1.0,0.0
instant-seed3,common_encounters,success,high_risk,286,1.9306292538042669,1.0339094400405884,0.8083485841159673,0.17508754047639588,0.17695585664335664,3.0,0.0,1.0,0.0
instant-seed3,common_encounters,success,static_near,167,1.9619615077972412,1.0339094400405884,0.8196713599196759,0.1641770957084771,0.1660741017964072,3.0,0.0,1.0,0.0
instant-seed3,common_encounters,failure,steady,552,1.7444051517092662,1.0339094400405884,0.7616621947997725,0.2190320814337945,0.22075973731884058,3.0,0.0,1.0,0.0
instant-seed3,common_encounters,failure,high_risk,204,1.8052302330147987,1.0339094400405884,0.7786219645320653,0.2029459679007503,0.20113357843137256,3.0,0.0,1.0,0.0
instant-seed3,common_encounters,failure,static_near,15,1.7509300788243611,1.0339094400405884,0.758094611886906,0.22282444110207342,0.240625,3.0,0.0,1.0,0.0
predictive-seed1,validation_D,all,steady,6139,2.8086032152059395,1.054152011871338,0.9505975342063936,0.04348657606643899,0.0432964448607265,3.0,0.0,1.0,0.0
predictive-seed1,validation_D,all,high_risk,519,2.877936582344805,1.054152011871338,0.9564945788643624,0.038202265786650653,0.03675939306358381,3.0,0.0,1.0,0.0
predictive-seed1,validation_D,all,static_near,238,2.7522001216391554,1.054152011871338,0.9471040358706461,0.04658510578214136,0.04398634453781513,3.0,0.0,1.0,0.0
predictive-seed1,validation_D,success,steady,5638,2.807301183675527,1.054152011871338,0.9502623563312698,0.043794611481527454,0.043812633025895706,3.0,0.0,1.0,0.0
predictive-seed1,validation_D,success,high_risk,267,2.970484063866433,1.054152011871338,0.962678316476137,0.03270916995370734,0.03195224719101124,3.0,0.0,1.0,0.0
predictive-seed1,validation_D,success,static_near,171,2.7693520875004998,1.054152011871338,0.9483745426106927,0.045452345719132745,0.04349415204678363,3.0,0.0,1.0,0.0
predictive-seed1,validation_D,failure,steady,501,2.823255617937404,1.054152011871338,0.9543694560825383,0.04002010167468488,0.0374875249500998,3.0,0.0,1.0,0.0
predictive-seed1,validation_D,failure,high_risk,252,2.779880322161175,1.054152011871338,0.9499427616328391,0.04402233160965011,0.04185267857142857,3.0,0.0,1.0,0.0
predictive-seed1,validation_D,failure,static_near,67,2.708424208769158,1.054152011871338,0.9438613992654532,0.04947617997280511,0.045242537313432835,3.0,0.0,1.0,0.0
predictive-seed1,common_encounters,all,steady,7071,2.802835384937244,1.054152011871338,0.9513069881773529,0.04280566143957639,0.04264999646443219,3.0,0.0,1.0,0.0
predictive-seed1,common_encounters,all,high_risk,445,2.894095663542158,1.054152011871338,0.9590487807351775,0.03586726827850636,0.03648174157303371,3.0,0.0,1.0,0.0
predictive-seed1,common_encounters,all,static_near,263,2.8749036516980073,1.054152011871338,0.957830955592026,0.03694590079607442,0.0372504752851711,3.0,0.0,1.0,0.0
predictive-seed1,common_encounters,success,steady,6746,2.8039550843452297,1.054152011871338,0.9514235619393927,0.04270064637563689,0.04259005336495701,3.0,0.0,1.0,0.0
predictive-seed1,common_encounters,success,high_risk,298,2.923094146203675,1.054152011871338,0.9617406771164109,0.03344606514380147,0.03518246644295302,3.0,0.0,1.0,0.0
predictive-seed1,common_encounters,success,static_near,234,2.8889294129151564,1.054152011871338,0.9590166176641376,0.0358825523752475,0.0359909188034188,3.0,0.0,1.0,0.0
predictive-seed1,common_encounters,failure,steady,325,2.7795938704564023,1.054152011871338,0.948887275565905,0.04498545104368675,0.04389423076923077,3.0,0.0,1.0,0.0
predictive-seed1,common_encounters,failure,high_risk,147,2.8353096238609883,1.054152011871338,0.9535917390915888,0.04077555762641151,0.0391156462585034,3.0,0.0,1.0,0.0
predictive-seed1,common_encounters,failure,static_near,29,2.76173026808377,1.054152011871338,0.9482638892170575,0.04552602253653994,0.04741379310344827,3.0,0.0,1.0,0.0
predictive-seed2,validation_D,all,steady,5801,1.917430033664871,1.0734730958938599,0.7953541260500512,0.18805814975130597,0.18750808050336149,3.0,0.0,1.0,0.0
predictive-seed2,validation_D,all,high_risk,692,1.8344240452168306,1.0734730958938599,0.7711955292750456,0.21115343083390034,0.21172778179190752,3.0,0.0,1.0,0.0
predictive-seed2,validation_D,all,static_near,239,1.869316499103562,1.0734730958938599,0.7839079837496119,0.19883013748453093,0.19972541841004185,3.0,0.0,1.0,0.0
predictive-seed2,validation_D,success,steady,4651,1.965087065156417,1.0734730958938599,0.8085769361834847,0.17544896824169984,0.17488510535368737,3.0,0.0,1.0,0.0
predictive-seed2,validation_D,success,high_risk,220,1.904419639977542,1.0734730958938599,0.7912946603967942,0.19192197924402132,0.1916903409090909,3.0,0.0,1.0,0.0
predictive-seed2,validation_D,success,static_near,151,1.9076677623963514,1.0734730958938599,0.7957104321480458,0.1874935179805721,0.1833609271523179,3.0,0.0,1.0,0.0
predictive-seed2,validation_D,failure,steady,1150,1.7246884219542793,1.0734730958938599,0.7418764826321386,0.2390540655784173,0.23855978260869565,3.0,0.0,1.0,0.0
predictive-seed2,validation_D,failure,high_risk,472,1.8017989798622616,1.0734730958938599,0.7618272901928747,0.2201172430156236,0.22106726694915255,3.0,0.0,1.0,0.0
predictive-seed2,validation_D,failure,static_near,88,1.8035092177716168,1.0734730958938599,0.7636560552477537,0.21828274595155125,0.22780539772727273,3.0,0.0,1.0,0.0
predictive-seed2,common_encounters,all,steady,6489,1.9130454768310032,1.0734730958938599,0.7952194178394385,0.18813042646414296,0.18713158807212205,3.0,0.0,1.0,0.0
predictive-seed2,common_encounters,all,high_risk,498,1.8902868030061684,1.0734730958938599,0.7853949325446429,0.19771273441160633,0.19666164658634538,3.0,0.0,1.0,0.0
predictive-seed2,common_encounters,all,static_near,130,1.9581494193810682,1.0734730958938599,0.8060850314129868,0.17783252181834147,0.18269230769230768,3.0,0.0,1.0,0.0
predictive-seed2,common_encounters,success,steady,5540,1.93488191497455,1.0734730958938599,0.8016601212562748,0.18195884334474874,0.18090591155234656,3.0,0.0,1.0,0.0
predictive-seed2,common_encounters,success,high_risk,145,1.9549847783713505,1.0734730958938599,0.8038440083363946,0.1800583354094946,0.17920258620689655,3.0,0.0,1.0,0.0
predictive-seed2,common_encounters,success,static_near,90,1.9270782748858133,1.0734730958938599,0.7993625498664225,0.18412093073939384,0.19166666666666668,3.0,0.0,1.0,0.0
predictive-seed2,common_encounters,failure,steady,949,1.78557037955466,1.0734730958938599,0.7576203694418899,0.22415842486397855,0.2234753688092729,3.0,0.0,1.0,0.0
predictive-seed2,common_encounters,failure,high_risk,353,1.8637111474029064,1.0734730958938599,0.777816700278909,0.20496454136714795,0.20383321529745044,3.0,0.0,1.0,0.0
predictive-seed2,common_encounters,failure,static_near,40,2.028059494495392,1.0734730958938599,0.8212106148927564,0.16368360174597385,0.1625,3.0,0.0,1.0,0.0
predictive-seed3,validation_D,all,steady,6437,1.7118342663998447,1.0192595720291138,0.7520379619368558,0.22825010990900513,0.22808082181140282,2.9999592759667744,-3.6077246044443985e-06,0.9978250737921392,0.0
predictive-seed3,validation_D,all,high_risk,565,1.6139032492595435,1.0192595720291138,0.7173504179113629,0.2618769129618511,0.2635232300884956,2.9995519653885765,-7.566250531019363e-05,0.9769911504424779,0.0
predictive-seed3,validation_D,all,static_near,213,1.6821336645475575,1.0192595720291138,0.7417342409338178,0.2382622378153379,0.2400968309859155,2.9998132913884983,-0.00010902780882069762,0.9859154929577465,0.0
predictive-seed3,validation_D,success,steady,5885,1.7249741125127067,1.0192595720291138,0.7563114876689707,0.22413293923252964,0.2235662701784197,2.999962213820285,0.0,0.9981308411214953,0.0
predictive-seed3,validation_D,success,high_risk,308,1.6820865900485547,1.0192595720291138,0.7383473144381798,0.24168014647976038,0.239549512987013,2.9993072382428427,-6.339737734237275e-05,0.9675324675324676,0.0
predictive-seed3,validation_D,success,static_near,162,1.723874123008163,1.0192595720291138,0.7554924202332768,0.22500335261021304,0.22511574074074073,3.0,0.0,1.0,0.0
predictive-seed3,validation_D,failure,steady,552,1.571747320069783,1.0192595720291138,0.706476913144289,0.27214422119715403,0.2762115036231884,2.9999279548292574,-4.207051318624745e-05,0.9945652173913043,0.0
predictive-seed3,validation_D,failure,high_risk,257,1.5321893622439196,1.0192595720291138,0.692186822073777,0.28608159808435674,0.29225437743190663,2.9998452570651755,-9.036156917824356e-05,0.9883268482490273,0.0
predictive-seed3,validation_D,failure,static_near,51,1.5495463259079878,1.0192595720291138,0.6980317890414184,0.28037869670220517,0.28768382352941174,2.9992202169754925,-0.0004553514368393842,0.9411764705882353,0.0
predictive-seed3,common_encounters,all,steady,6814,1.7193347065372484,1.0192595720291138,0.7552763260714949,0.2250390307743147,0.2248174713824479,2.9999103705257415,-6.623883243176746e-06,0.99750513648371,0.0
predictive-seed3,common_encounters,all,high_risk,516,1.67010928309241,1.0192595720291138,0.7332954489461007,0.24645970237971893,0.24797117248062014,2.9988164045782977,-8.74712023624154e-05,0.9670542635658915,0.0
predictive-seed3,common_encounters,all,static_near,149,1.669583113001497,1.0192595720291138,0.7373825264025778,0.2421131928421438,0.25010486577181207,2.998764645933305,1.2084941736003696e-05,0.9731543624161074,0.0
predictive-seed3,common_encounters,success,steady,5900,1.7239329164715136,1.0192595720291138,0.7573375177106278,0.2230229341072574,0.22264300847457627,3.0,0.0,1.0,0.0
predictive-seed3,common_encounters,success,high_risk,165,1.6937212134852553,1.0192595720291138,0.7461439905815257,0.23387137349641332,0.23948863636363638,3.0,0.0,1.0,0.0
predictive-seed3,common_encounters,success,static_near,82,1.699559649316276,1.0192595720291138,0.7512783879064522,0.22867962937108047,0.24161585365853658,3.0,0.0,1.0,0.0
predictive-seed3,common_encounters,failure,steady,914,1.6896526073992122,1.0192595720291138,0.7419710408735899,0.23805322151352473,0.2388539387308534,2.999331799521227,-4.938199170569622e-05,0.9814004376367614,0.0
predictive-seed3,common_encounters,failure,high_risk,351,1.659009657694064,1.0192595720291138,0.727255536211499,0.2523772928804181,0.25195868945868943,2.9982600135680957,-0.00012859014364389272,0.9515669515669516,0.0
predictive-seed3,common_encounters,failure,static_near,67,1.6328954118401258,1.0192595720291138,0.7203756511291795,0.25855427052314667,0.26049440298507465,2.9972527200606334,2.687546744275449e-05,0.9402985074626866,0.0
