method,dataset,scenario_id,reason,steps
base-seed1,validation_D,0,success,142
base-seed1,validation_D,1,success,134
base-seed1,validation_D,2,success,134
base-seed1,validation_D,3,success,141
base-seed1,validation_D,4,success,149
base-seed1,validation_D,5,success,139
base-seed1,validation_D,6,dynamic_collision,98
base-seed1,validation_D,7,static_collision_2,94
base-seed1,validation_D,8,success,141
base-seed1,validation_D,9,success,135
base-seed1,validation_D,10,success,141
base-seed1,validation_D,11,success,140
base-seed1,validation_D,12,success,137
base-seed1,validation_D,13,success,143
base-seed1,validation_D,14,success,149
base-seed1,validation_D,15,success,141
base-seed1,validation_D,16,success,140
base-seed1,validation_D,17,static_collision_1,16
base-seed1,validation_D,18,static_collision_2,98
base-seed1,validation_D,19,static_collision_1,28
base-seed1,validation_D,20,success,141
base-seed1,validation_D,21,success,144
base-seed1,validation_D,22,success,132
base-seed1,validation_D,23,dynamic_collision,58
base-seed1,validation_D,24,static_collision_1,22
base-seed1,validation_D,25,success,137
base-seed1,validation_D,26,success,139
base-seed1,validation_D,27,static_collision_1,36
base-seed1,validation_D,28,success,140
base-seed1,validation_D,29,success,142
base-seed1,validation_D,30,success,137
base-seed1,validation_D,31,success,144
base-seed1,validation_D,32,static_collision_1,56
base-seed1,validation_D,33,success,142
base-seed1,validation_D,34,static_collision_1,17
base-seed1,validation_D,35,success,148
base-seed1,validation_D,36,success,141
base-seed1,validation_D,37,static_collision_1,19
base-seed1,validation_D,38,static_collision_2,101
base-seed1,validation_D,39,success,138
base-seed1,validation_D,40,success,142
base-seed1,validation_D,41,success,138
base-seed1,validation_D,42,success,134
base-seed1,validation_D,43,success,140
base-seed1,validation_D,44,success,147
base-seed1,validation_D,45,static_collision_1,17
base-seed1,validation_D,46,success,139
base-seed1,validation_D,47,success,141
base-seed1,validation_D,48,static_collision_1,18
base-seed1,validation_D,49,static_collision_2,100
base-seed1,validation_D,50,static_collision_1,24
base-seed1,validation_D,51,success,141
base-seed1,validation_D,52,success,142
base-seed1,validation_D,53,dynamic_collision,79
base-seed1,validation_D,54,success,140
base-seed1,validation_D,55,success,130
base-seed1,validation_D,56,success,129
base-seed1,validation_D,57,success,140
base-seed1,validation_D,58,success,135
base-seed1,validation_D,59,success,140
base-seed1,common_encounters,0,success,137
base-seed1,common_encounters,1,success,131
base-seed1,common_encounters,2,success,145
base-seed1,common_encounters,3,static_collision_2,103
base-seed1,common_encounters,4,success,141
base-seed1,common_encounters,5,success,137
base-seed1,common_encounters,6,success,132
base-seed1,common_encounters,7,success,146
base-seed1,common_encounters,8,dynamic_collision,91
base-seed1,common_encounters,9,success,136
base-seed1,common_encounters,10,success,139
base-seed1,common_encounters,11,static_collision_2,102
base-seed1,common_encounters,12,success,141
base-seed1,common_encounters,13,success,142
base-seed1,common_encounters,14,success,145
base-seed1,common_encounters,15,success,142
base-seed1,common_encounters,16,success,131
base-seed1,common_encounters,17,success,132
base-seed1,common_encounters,18,success,135
base-seed1,common_encounters,19,success,141
base-seed1,common_encounters,20,success,130
base-seed1,common_encounters,21,success,136
base-seed1,common_encounters,22,static_collision_2,95
base-seed1,common_encounters,23,success,142
base-seed1,common_encounters,24,success,141
base-seed1,common_encounters,25,success,139
base-seed1,common_encounters,26,success,147
base-seed1,common_encounters,27,success,148
base-seed1,common_encounters,28,success,136
base-seed1,common_encounters,29,success,146
base-seed1,common_encounters,30,success,135
base-seed1,common_encounters,31,success,134
base-seed1,common_encounters,32,success,137
base-seed1,common_encounters,33,success,130
base-seed1,common_encounters,34,static_collision_1,21
base-seed1,common_encounters,35,success,136
base-seed1,common_encounters,36,success,139
base-seed1,common_encounters,37,static_collision_2,98
base-seed1,common_encounters,38,success,135
base-seed1,common_encounters,39,static_collision_2,80
base-seed1,common_encounters,40,static_collision_2,102
base-seed1,common_encounters,41,success,143
base-seed1,common_encounters,42,success,139
base-seed1,common_encounters,43,success,133
base-seed1,common_encounters,44,success,137
base-seed1,common_encounters,45,success,139
base-seed1,common_encounters,46,static_collision_2,96
base-seed1,common_encounters,47,static_collision_2,89
base-seed1,common_encounters,48,success,147
base-seed1,common_encounters,49,success,138
base-seed1,common_encounters,50,success,142
base-seed1,common_encounters,51,success,140
base-seed1,common_encounters,52,static_collision_2,102
base-seed1,common_encounters,53,success,143
base-seed1,common_encounters,54,success,141
base-seed1,common_encounters,55,success,140
base-seed1,common_encounters,56,success,137
base-seed1,common_encounters,57,success,143
base-seed1,common_encounters,58,success,137
base-seed1,common_encounters,59,success,148
base-seed2,validation_D,0,success,138
base-seed2,validation_D,1,success,135
base-seed2,validation_D,2,static_collision_2,95
base-seed2,validation_D,3,success,143
base-seed2,validation_D,4,success,148
base-seed2,validation_D,5,static_collision_1,16
base-seed2,validation_D,6,success,146
base-seed2,validation_D,7,static_collision_1,51
base-seed2,validation_D,8,success,138
base-seed2,validation_D,9,dynamic_collision,58
base-seed2,validation_D,10,success,138
base-seed2,validation_D,11,success,144
base-seed2,validation_D,12,success,136
base-seed2,validation_D,13,dynamic_collision,87
base-seed2,validation_D,14,success,146
base-seed2,validation_D,15,dynamic_collision,68
base-seed2,validation_D,16,success,141
base-seed2,validation_D,17,static_collision_1,20
base-seed2,validation_D,18,success,143
base-seed2,validation_D,19,success,146
base-seed2,validation_D,20,success,141
base-seed2,validation_D,21,dynamic_collision,78
base-seed2,validation_D,22,static_collision_2,98
base-seed2,validation_D,23,success,139
base-seed2,validation_D,24,static_collision_1,22
base-seed2,validation_D,25,dynamic_collision,67
base-seed2,validation_D,26,success,137
base-seed2,validation_D,27,static_collision_1,33
base-seed2,validation_D,28,success,138
base-seed2,validation_D,29,success,139
base-seed2,validation_D,30,success,135
base-seed2,validation_D,31,success,142
base-seed2,validation_D,32,success,145
base-seed2,validation_D,33,success,139
base-seed2,validation_D,34,static_collision_1,16
base-seed2,validation_D,35,success,145
base-seed2,validation_D,36,success,144
base-seed2,validation_D,37,static_collision_1,17
base-seed2,validation_D,38,success,138
base-seed2,validation_D,39,success,137
base-seed2,validation_D,40,success,140
base-seed2,validation_D,41,static_collision_2,95
base-seed2,validation_D,42,success,131
base-seed2,validation_D,43,dynamic_collision,70
base-seed2,validation_D,44,static_collision_1,18
base-seed2,validation_D,45,static_collision_1,18
base-seed2,validation_D,46,static_collision_1,27
base-seed2,validation_D,47,static_collision_1,24
base-seed2,validation_D,48,static_collision_1,19
base-seed2,validation_D,49,dynamic_collision,79
base-seed2,validation_D,50,success,140
base-seed2,validation_D,51,static_collision_2,91
base-seed2,validation_D,52,success,139
base-seed2,validation_D,53,success,142
base-seed2,validation_D,54,static_collision_2,90
base-seed2,validation_D,55,success,133
base-seed2,validation_D,56,success,129
base-seed2,validation_D,57,success,140
base-seed2,validation_D,58,success,133
base-seed2,validation_D,59,success,142
base-seed2,common_encounters,0,success,133
base-seed2,common_encounters,1,success,131
base-seed2,common_encounters,2,dynamic_collision,67
base-seed2,common_encounters,3,success,140
base-seed2,common_encounters,4,success,139
base-seed2,common_encounters,5,success,134
base-seed2,common_encounters,6,success,130
base-seed2,common_encounters,7,static_collision_1,26
base-seed2,common_encounters,8,success,138
base-seed2,common_encounters,9,success,133
base-seed2,common_encounters,10,success,138
base-seed2,common_encounters,11,static_collision_2,108
base-seed2,common_encounters,12,success,139
base-seed2,common_encounters,13,success,138
base-seed2,common_encounters,14,success,145
base-seed2,common_encounters,15,success,144
base-seed2,common_encounters,16,success,132
base-seed2,common_encounters,17,success,132
base-seed2,common_encounters,18,static_collision_1,42
base-seed2,common_encounters,19,success,139
base-seed2,common_encounters,20,success,130
base-seed2,common_encounters,21,dynamic_collision,81
base-seed2,common_encounters,22,success,139
base-seed2,common_encounters,23,dynamic_collision,85
base-seed2,common_encounters,24,success,139
base-seed2,common_encounters,25,static_collision_1,48
base-seed2,common_encounters,26,dynamic_collision,56
base-seed2,common_encounters,27,success,145
base-seed2,common_encounters,28,static_collision_1,31
base-seed2,common_encounters,29,success,150
base-seed2,common_encounters,30,success,134
base-seed2,common_encounters,31,success,133
base-seed2,common_encounters,32,dynamic_collision,70
base-seed2,common_encounters,33,success,131
base-seed2,common_encounters,34,static_collision_1,20
base-seed2,common_encounters,35,success,137
base-seed2,common_encounters,36,dynamic_collision,66
base-seed2,common_encounters,37,dynamic_collision,61
base-seed2,common_encounters,38,static_collision_1,43
base-seed2,common_encounters,39,static_collision_2,80
base-seed2,common_encounters,40,success,137
base-seed2,common_encounters,41,success,142
base-seed2,common_encounters,42,success,144
base-seed2,common_encounters,43,success,131
base-seed2,common_encounters,44,success,137
base-seed2,common_encounters,45,success,142
base-seed2,common_encounters,46,success,139
base-seed2,common_encounters,47,dynamic_collision,73
base-seed2,common_encounters,48,success,145
base-seed2,common_encounters,49,success,137
base-seed2,common_encounters,50,success,144
base-seed2,common_encounters,51,success,139
base-seed2,common_encounters,52,success,142
base-seed2,common_encounters,53,success,146
base-seed2,common_encounters,54,success,144
base-seed2,common_encounters,55,static_collision_1,44
base-seed2,common_encounters,56,success,137
base-seed2,common_encounters,57,static_collision_2,98
base-seed2,common_encounters,58,success,138
base-seed2,common_encounters,59,success,152
base-seed3,validation_D,0,success,136
base-seed3,validation_D,1,success,135
base-seed3,validation_D,2,static_collision_2,93
base-seed3,validation_D,3,success,142
base-seed3,validation_D,4,success,145
base-seed3,validation_D,5,static_collision_1,16
base-seed3,validation_D,6,success,142
base-seed3,validation_D,7,success,129
base-seed3,validation_D,8,success,133
base-seed3,validation_D,9,success,136
base-seed3,validation_D,10,success,137
base-seed3,validation_D,11,success,143
base-seed3,validation_D,12,success,136
base-seed3,validation_D,13,success,145
base-seed3,validation_D,14,success,142
base-seed3,validation_D,15,dynamic_collision,69
base-seed3,validation_D,16,success,139
base-seed3,validation_D,17,success,137
base-seed3,validation_D,18,success,142
base-seed3,validation_D,19,success,143
base-seed3,validation_D,20,success,140
base-seed3,validation_D,21,dynamic_collision,76
base-seed3,validation_D,22,static_collision_2,96
base-seed3,validation_D,23,static_collision_2,93
base-seed3,validation_D,24,success,139
base-seed3,validation_D,25,success,136
base-seed3,validation_D,26,success,136
base-seed3,validation_D,27,success,132
base-seed3,validation_D,28,success,139
base-seed3,validation_D,29,success,136
base-seed3,validation_D,30,success,134
base-seed3,validation_D,31,success,140
base-seed3,validation_D,32,success,145
base-seed3,validation_D,33,success,140
base-seed3,validation_D,34,static_collision_1,19
base-seed3,validation_D,35,success,143
base-seed3,validation_D,36,success,144
base-seed3,validation_D,37,static_collision_1,18
base-seed3,validation_D,38,success,138
base-seed3,validation_D,39,success,137
base-seed3,validation_D,40,success,140
base-seed3,validation_D,41,success,135
base-seed3,validation_D,42,success,130
base-seed3,validation_D,43,dynamic_collision,68
base-seed3,validation_D,44,static_collision_1,18
base-seed3,validation_D,45,success,136
base-seed3,validation_D,46,static_collision_1,29
base-seed3,validation_D,47,static_collision_1,25
base-seed3,validation_D,48,static_collision_1,22
base-seed3,validation_D,49,static_collision_1,54
base-seed3,validation_D,50,success,137
base-seed3,validation_D,51,success,133
base-seed3,validation_D,52,success,137
base-seed3,validation_D,53,success,138
base-seed3,validation_D,54,success,139
base-seed3,validation_D,55,success,132
base-seed3,validation_D,56,success,131
base-seed3,validation_D,57,success,144
base-seed3,validation_D,58,success,131
base-seed3,validation_D,59,success,142
base-seed3,common_encounters,0,success,135
base-seed3,common_encounters,1,success,133
base-seed3,common_encounters,2,dynamic_collision,68
base-seed3,common_encounters,3,success,140
base-seed3,common_encounters,4,static_collision_2,92
base-seed3,common_encounters,5,success,133
base-seed3,common_encounters,6,success,129
base-seed3,common_encounters,7,success,146
base-seed3,common_encounters,8,success,133
base-seed3,common_encounters,9,success,132
base-seed3,common_encounters,10,success,138
base-seed3,common_encounters,11,success,144
base-seed3,common_encounters,12,success,136
base-seed3,common_encounters,13,success,136
base-seed3,common_encounters,14,success,141
base-seed3,common_encounters,15,success,142
base-seed3,common_encounters,16,success,129
base-seed3,common_encounters,17,success,134
base-seed3,common_encounters,18,success,135
base-seed3,common_encounters,19,success,139
base-seed3,common_encounters,20,success,129
base-seed3,common_encounters,21,dynamic_collision,77
base-seed3,common_encounters,22,success,137
base-seed3,common_encounters,23,dynamic_collision,85
base-seed3,common_encounters,24,static_collision_2,103
base-seed3,common_encounters,25,success,140
base-seed3,common_encounters,26,dynamic_collision,57
base-seed3,common_encounters,27,success,144
base-seed3,common_encounters,28,success,136
base-seed3,common_encounters,29,success,147
base-seed3,common_encounters,30,success,134
base-seed3,common_encounters,31,success,132
base-seed3,common_encounters,32,dynamic_collision,69
base-seed3,common_encounters,33,success,130
base-seed3,common_encounters,34,static_collision_1,25
base-seed3,common_encounters,35,success,136
base-seed3,common_encounters,36,success,140
base-seed3,common_encounters,37,dynamic_collision,64
base-seed3,common_encounters,38,success,135
base-seed3,common_encounters,39,success,128
base-seed3,common_encounters,40,success,137
base-seed3,common_encounters,41,success,139
base-seed3,common_encounters,42,success,141
base-seed3,common_encounters,43,success,131
base-seed3,common_encounters,44,success,137
base-seed3,common_encounters,45,success,139
base-seed3,common_encounters,46,success,138
base-seed3,common_encounters,47,dynamic_collision,71
base-seed3,common_encounters,48,static_collision_1,42
base-seed3,common_encounters,49,success,135
base-seed3,common_encounters,50,success,144
base-seed3,common_encounters,51,success,135
base-seed3,common_encounters,52,success,141
base-seed3,common_encounters,53,success,142
base-seed3,common_encounters,54,success,142
base-seed3,common_encounters,55,static_collision_1,45
base-seed3,common_encounters,56,success,137
base-seed3,common_encounters,57,success,142
base-seed3,common_encounters,58,success,136
base-seed3,common_encounters,59,success,149
instant-seed1,validation_D,0,success,138
instant-seed1,validation_D,1,success,137
instant-seed1,validation_D,2,success,135
instant-seed1,validation_D,3,success,140
instant-seed1,validation_D,4,success,145
instant-seed1,validation_D,5,success,142
instant-seed1,validation_D,6,dynamic_collision,97
instant-seed1,validation_D,7,success,132
instant-seed1,validation_D,8,success,144
instant-seed1,validation_D,9,success,136
instant-seed1,validation_D,10,success,141
instant-seed1,validation_D,11,success,142
instant-seed1,validation_D,12,success,138
instant-seed1,validation_D,13,success,142
instant-seed1,validation_D,14,dynamic_collision,91
instant-seed1,validation_D,15,success,141
instant-seed1,validation_D,16,success,145
instant-seed1,validation_D,17,static_collision_1,16
instant-seed1,validation_D,18,success,144
instant-seed1,validation_D,19,static_collision_1,26
instant-seed1,validation_D,20,success,146
instant-seed1,validation_D,21,static_collision_1,50
instant-seed1,validation_D,22,success,133
instant-seed1,validation_D,23,dynamic_collision,58
instant-seed1,validation_D,24,static_collision_1,22
instant-seed1,validation_D,25,success,135
instant-seed1,validation_D,26,success,137
instant-seed1,validation_D,27,static_collision_1,35
instant-seed1,validation_D,28,success,138
instant-seed1,validation_D,29,success,145
instant-seed1,validation_D,30,success,135
instant-seed1,validation_D,31,success,143
instant-seed1,validation_D,32,static_collision_1,54
instant-seed1,validation_D,33,success,140
instant-seed1,validation_D,34,static_collision_1,17
instant-seed1,validation_D,35,success,147
instant-seed1,validation_D,36,success,141
instant-seed1,validation_D,37,static_collision_1,18
instant-seed1,validation_D,38,success,141
instant-seed1,validation_D,39,success,138
instant-seed1,validation_D,40,success,142
instant-seed1,validation_D,41,success,145
instant-seed1,validation_D,42,success,137
instant-seed1,validation_D,43,success,141
instant-seed1,validation_D,44,success,148
instant-seed1,validation_D,45,static_collision_1,17
instant-seed1,validation_D,46,success,143
instant-seed1,validation_D,47,success,144
instant-seed1,validation_D,48,static_collision_1,19
instant-seed1,validation_D,49,success,140
instant-seed1,validation_D,50,success,139
instant-seed1,validation_D,51,success,145
instant-seed1,validation_D,52,success,145
instant-seed1,validation_D,53,success,140
instant-seed1,validation_D,54,static_collision_1,47
instant-seed1,validation_D,55,success,133
instant-seed1,validation_D,56,success,131
instant-seed1,validation_D,57,success,142
instant-seed1,validation_D,58,success,139
instant-seed1,validation_D,59,success,142
instant-seed1,common_encounters,0,success,134
instant-seed1,common_encounters,1,success,133
instant-seed1,common_encounters,2,success,148
instant-seed1,common_encounters,3,static_collision_1,57
instant-seed1,common_encounters,4,success,143
instant-seed1,common_encounters,5,success,139
instant-seed1,common_encounters,6,success,137
instant-seed1,common_encounters,7,success,146
instant-seed1,common_encounters,8,dynamic_collision,91
instant-seed1,common_encounters,9,success,134
instant-seed1,common_encounters,10,success,143
instant-seed1,common_encounters,11,static_collision_2,108
instant-seed1,common_encounters,12,static_collision_1,54
instant-seed1,common_encounters,13,success,145
instant-seed1,common_encounters,14,success,148
instant-seed1,common_encounters,15,success,146
instant-seed1,common_encounters,16,dynamic_collision,71
instant-seed1,common_encounters,17,success,134
instant-seed1,common_encounters,18,success,141
instant-seed1,common_encounters,19,success,139
instant-seed1,common_encounters,20,success,130
instant-seed1,common_encounters,21,success,134
instant-seed1,common_encounters,22,static_collision_2,97
instant-seed1,common_encounters,23,success,145
instant-seed1,common_encounters,24,success,141
instant-seed1,common_encounters,25,success,141
instant-seed1,common_encounters,26,success,150
instant-seed1,common_encounters,27,success,151
instant-seed1,common_encounters,28,dynamic_collision,40
instant-seed1,common_encounters,29,success,148
instant-seed1,common_encounters,30,success,138
instant-seed1,common_encounters,31,success,137
instant-seed1,common_encounters,32,success,140
instant-seed1,common_encounters,33,success,131
instant-seed1,common_encounters,34,static_collision_1,21
instant-seed1,common_encounters,35,success,139
instant-seed1,common_encounters,36,success,142
instant-seed1,common_encounters,37,success,141
instant-seed1,common_encounters,38,static_collision_1,46
instant-seed1,common_encounters,39,static_collision_2,80
instant-seed1,common_encounters,40,success,139
instant-seed1,common_encounters,41,success,146
instant-seed1,common_encounters,42,success,139
instant-seed1,common_encounters,43,success,136
instant-seed1,common_encounters,44,success,138
instant-seed1,common_encounters,45,success,139
instant-seed1,common_encounters,46,success,139
instant-seed1,common_encounters,47,success,137
instant-seed1,common_encounters,48,success,150
instant-seed1,common_encounters,49,success,143
instant-seed1,common_encounters,50,success,142
instant-seed1,common_encounters,51,dynamic_collision,78
instant-seed1,common_encounters,52,success,144
instant-seed1,common_encounters,53,dynamic_collision,68
instant-seed1,common_encounters,54,success,139
instant-seed1,common_encounters,55,success,138
instant-seed1,common_encounters,56,success,138
instant-seed1,common_encounters,57,success,145
instant-seed1,common_encounters,58,static_collision_1,55
instant-seed1,common_encounters,59,success,151
instant-seed2,validation_D,0,success,139
instant-seed2,validation_D,1,success,132
instant-seed2,validation_D,2,success,133
instant-seed2,validation_D,3,success,140
instant-seed2,validation_D,4,success,147
instant-seed2,validation_D,5,success,140
instant-seed2,validation_D,6,success,146
instant-seed2,validation_D,7,success,132
instant-seed2,validation_D,8,dynamic_collision,86
instant-seed2,validation_D,9,success,135
instant-seed2,validation_D,10,success,138
instant-seed2,validation_D,11,success,143
instant-seed2,validation_D,12,success,136
instant-seed2,validation_D,13,success,141
instant-seed2,validation_D,14,success,145
instant-seed2,validation_D,15,success,140
instant-seed2,validation_D,16,success,140
instant-seed2,validation_D,17,static_collision_1,16
instant-seed2,validation_D,18,success,142
instant-seed2,validation_D,19,static_collision_1,25
instant-seed2,validation_D,20,success,139
instant-seed2,validation_D,21,success,145
instant-seed2,validation_D,22,success,130
instant-seed2,validation_D,23,success,140
instant-seed2,validation_D,24,static_collision_1,21
instant-seed2,validation_D,25,success,135
instant-seed2,validation_D,26,success,137
instant-seed2,validation_D,27,static_collision_1,35
instant-seed2,validation_D,28,success,138
instant-seed2,validation_D,29,success,139
instant-seed2,validation_D,30,success,135
instant-seed2,validation_D,31,success,142
instant-seed2,validation_D,32,success,145
instant-seed2,validation_D,33,success,139
instant-seed2,validation_D,34,static_collision_1,17
instant-seed2,validation_D,35,success,145
instant-seed2,validation_D,36,static_collision_1,39
instant-seed2,validation_D,37,static_collision_1,18
instant-seed2,validation_D,38,static_collision_2,96
instant-seed2,validation_D,39,success,136
instant-seed2,validation_D,40,success,141
instant-seed2,validation_D,41,success,139
instant-seed2,validation_D,42,success,131
instant-seed2,validation_D,43,success,141
instant-seed2,validation_D,44,static_collision_1,23
instant-seed2,validation_D,45,static_collision_1,16
instant-seed2,validation_D,46,static_collision_1,28
instant-seed2,validation_D,47,success,141
instant-seed2,validation_D,48,static_collision_1,18
instant-seed2,validation_D,49,success,140
instant-seed2,validation_D,50,static_collision_1,22
instant-seed2,validation_D,51,success,137
instant-seed2,validation_D,52,dynamic_collision,56
instant-seed2,validation_D,53,dynamic_collision,78
instant-seed2,validation_D,54,success,141
instant-seed2,validation_D,55,success,133
instant-seed2,validation_D,56,success,130
instant-seed2,validation_D,57,success,141
instant-seed2,validation_D,58,success,133
instant-seed2,validation_D,59,success,140
instant-seed2,common_encounters,0,success,135
instant-seed2,common_encounters,1,success,132
instant-seed2,common_encounters,2,success,144
instant-seed2,common_encounters,3,success,140
instant-seed2,common_encounters,4,success,139
instant-seed2,common_encounters,5,success,134
instant-seed2,common_encounters,6,success,130
instant-seed2,common_encounters,7,success,146
instant-seed2,common_encounters,8,dynamic_collision,93
instant-seed2,common_encounters,9,success,134
instant-seed2,common_encounters,10,success,138
instant-seed2,common_encounters,11,success,143
instant-seed2,common_encounters,12,success,139
instant-seed2,common_encounters,13,success,139
instant-seed2,common_encounters,14,success,144
instant-seed2,common_encounters,15,success,140
instant-seed2,common_encounters,16,success,131
instant-seed2,common_encounters,17,success,133
instant-seed2,common_encounters,18,static_collision_1,41
instant-seed2,common_encounters,19,success,139
instant-seed2,common_encounters,20,success,128
instant-seed2,common_encounters,21,success,135
instant-seed2,common_encounters,22,static_collision_2,94
instant-seed2,common_encounters,23,success,141
instant-seed2,common_encounters,24,success,139
instant-seed2,common_encounters,25,static_collision_1,47
instant-seed2,common_encounters,26,success,146
instant-seed2,common_encounters,27,success,146
instant-seed2,common_encounters,28,static_collision_1,28
instant-seed2,common_encounters,29,static_collision_1,24
instant-seed2,common_encounters,30,success,135
instant-seed2,common_encounters,31,success,133
instant-seed2,common_encounters,32,success,135
instant-seed2,common_encounters,33,success,130
instant-seed2,common_encounters,34,static_collision_1,21
instant-seed2,common_encounters,35,success,135
instant-seed2,common_encounters,36,success,137
instant-seed2,common_encounters,37,success,140
instant-seed2,common_encounters,38,static_collision_1,47
instant-seed2,common_encounters,39,static_collision_2,82
instant-seed2,common_encounters,40,success,138
instant-seed2,common_encounters,41,success,141
instant-seed2,common_encounters,42,success,140
instant-seed2,common_encounters,43,success,132
instant-seed2,common_encounters,44,success,137
instant-seed2,common_encounters,45,success,139
instant-seed2,common_encounters,46,static_collision_2,97
instant-seed2,common_encounters,47,success,137
instant-seed2,common_encounters,48,success,145
instant-seed2,common_encounters,49,success,137
instant-seed2,common_encounters,50,success,141
instant-seed2,common_encounters,51,success,137
instant-seed2,common_encounters,52,success,141
instant-seed2,common_encounters,53,success,141
instant-seed2,common_encounters,54,success,139
instant-seed2,common_encounters,55,success,139
instant-seed2,common_encounters,56,success,136
instant-seed2,common_encounters,57,success,142
instant-seed2,common_encounters,58,success,137
instant-seed2,common_encounters,59,static_collision_1,28
instant-seed3,validation_D,0,success,136
instant-seed3,validation_D,1,static_collision_2,89
instant-seed3,validation_D,2,static_collision_2,95
instant-seed3,validation_D,3,success,141
instant-seed3,validation_D,4,success,143
instant-seed3,validation_D,5,static_collision_1,17
instant-seed3,validation_D,6,success,141
instant-seed3,validation_D,7,success,129
instant-seed3,validation_D,8,success,134
instant-seed3,validation_D,9,success,136
instant-seed3,validation_D,10,success,138
instant-seed3,validation_D,11,success,143
instant-seed3,validation_D,12,success,137
instant-seed3,validation_D,13,dynamic_collision,88
instant-seed3,validation_D,14,success,143
instant-seed3,validation_D,15,dynamic_collision,69
instant-seed3,validation_D,16,success,143
instant-seed3,validation_D,17,success,138
instant-seed3,validation_D,18,success,145
instant-seed3,validation_D,19,success,143
instant-seed3,validation_D,20,success,141
instant-seed3,validation_D,21,dynamic_collision,77
instant-seed3,validation_D,22,success,130
instant-seed3,validation_D,23,success,139
instant-seed3,validation_D,24,success,141
instant-seed3,validation_D,25,dynamic_collision,66
instant-seed3,validation_D,26,success,136
instant-seed3,validation_D,27,success,132
instant-seed3,validation_D,28,dynamic_collision,74
instant-seed3,validation_D,29,success,136
instant-seed3,validation_D,30,success,134
instant-seed3,validation_D,31,success,140
instant-seed3,validation_D,32,success,147
instant-seed3,validation_D,33,success,139
instant-seed3,validation_D,34,success,136
instant-seed3,validation_D,35,success,145
instant-seed3,validation_D,36,success,143
instant-seed3,validation_D,37,static_collision_1,18
instant-seed3,validation_D,38,success,138
instant-seed3,validation_D,39,success,138
instant-seed3,validation_D,40,success,141
instant-seed3,validation_D,41,static_collision_2,95
instant-seed3,validation_D,42,success,131
instant-seed3,validation_D,43,dynamic_collision,69
instant-seed3,validation_D,44,static_collision_1,19
instant-seed3,validation_D,45,success,140
instant-seed3,validation_D,46,success,143
instant-seed3,validation_D,47,static_collision_1,29
instant-seed3,validation_D,48,success,132
instant-seed3,validation_D,49,dynamic_collision,78
instant-seed3,validation_D,50,success,141
instant-seed3,validation_D,51,static_collision_2,91
instant-seed3,validation_D,52,success,141
instant-seed3,validation_D,53,success,139
instant-seed3,validation_D,54,static_collision_2,90
instant-seed3,validation_D,55,success,133
instant-seed3,validation_D,56,success,131
instant-seed3,validation_D,57,success,144
instant-seed3,validation_D,58,success,136
instant-seed3,validation_D,59,success,144
instant-seed3,common_encounters,0,success,134
instant-seed3,common_encounters,1,success,133
instant-seed3,common_encounters,2,dynamic_collision,67
instant-seed3,common_encounters,3,success,143
instant-seed3,common_encounters,4,success,137
instant-seed3,common_encounters,5,success,134
instant-seed3,common_encounters,6,success,130
instant-seed3,common_encounters,7,success,147
instant-seed3,common_encounters,8,success,134
instant-seed3,common_encounters,9,success,131
instant-seed3,common_encounters,10,success,139
instant-seed3,common_encounters,11,success,145
instant-seed3,common_encounters,12,success,140
instant-seed3,common_encounters,13,success,137
instant-seed3,common_encounters,14,success,142
instant-seed3,common_encounters,15,success,146
instant-seed3,common_encounters,16,success,130
instant-seed3,common_encounters,17,success,134
instant-seed3,common_encounters,18,success,138
instant-seed3,common_encounters,19,success,138
instant-seed3,common_encounters,20,success,129
instant-seed3,common_encounters,21,dynamic_collision,83
instant-seed3,common_encounters,22,success,138
instant-seed3,common_encounters,23,dynamic_collision,84
instant-seed3,common_encounters,24,success,138
instant-seed3,common_encounters,25,success,142
instant-seed3,common_encounters,26,dynamic_collision,55
instant-seed3,common_encounters,27,success,145
instant-seed3,common_encounters,28,success,141
instant-seed3,common_encounters,29,success,151
instant-seed3,common_encounters,30,success,135
instant-seed3,common_encounters,31,success,133
instant-seed3,common_encounters,32,dynamic_collision,71
instant-seed3,common_encounters,33,success,132
instant-seed3,common_encounters,34,success,145
instant-seed3,common_encounters,35,success,140
instant-seed3,common_encounters,36,success,145
instant-seed3,common_encounters,37,dynamic_collision,61
instant-seed3,common_encounters,38,success,135
instant-seed3,common_encounters,39,success,129
instant-seed3,common_encounters,40,success,138
instant-seed3,common_encounters,41,success,143
instant-seed3,common_encounters,42,success,141
instant-seed3,common_encounters,43,dynamic_collision,51
instant-seed3,common_encounters,44,success,138
instant-seed3,common_encounters,45,success,140
instant-seed3,common_encounters,46,success,137
instant-seed3,common_encounters,47,dynamic_collision,72
instant-seed3,common_encounters,48,success,145
instant-seed3,common_encounters,49,success,136
instant-seed3,common_encounters,50,success,144
instant-seed3,common_encounters,51,success,139
instant-seed3,common_encounters,52,success,144
instant-seed3,common_encounters,53,success,146
instant-seed3,common_encounters,54,success,142
instant-seed3,common_encounters,55,success,136
instant-seed3,common_encounters,56,success,139
instant-seed3,common_encounters,57,static_collision_2,98
instant-seed3,common_encounters,58,success,139
instant-seed3,common_encounters,59,success,154
predictive-seed1,validation_D,0,success,139
predictive-seed1,validation_D,1,success,131
predictive-seed1,validation_D,2,success,132
predictive-seed1,validation_D,3,success,138
predictive-seed1,validation_D,4,success,146
predictive-seed1,validation_D,5,success,138
predictive-seed1,validation_D,6,success,146
predictive-seed1,validation_D,7,success,132
predictive-seed1,validation_D,8,dynamic_collision,85
predictive-seed1,validation_D,9,success,134
predictive-seed1,validation_D,10,success,139
predictive-seed1,validation_D,11,success,140
predictive-seed1,validation_D,12,success,137
predictive-seed1,validation_D,13,success,140
predictive-seed1,validation_D,14,success,146
predictive-seed1,validation_D,15,success,140
predictive-seed1,validation_D,16,success,139
predictive-seed1,validation_D,17,static_collision_1,16
predictive-seed1,validation_D,18,success,141
predictive-seed1,validation_D,19,static_collision_1,25
predictive-seed1,validation_D,20,success,141
predictive-seed1,validation_D,21,success,144
predictive-seed1,validation_D,22,success,130
predictive-seed1,validation_D,23,success,141
predictive-seed1,validation_D,24,static_collision_1,21
predictive-seed1,validation_D,25,success,134
predictive-seed1,validation_D,26,success,137
predictive-seed1,validation_D,27,static_collision_1,35
predictive-seed1,validation_D,28,success,137
predictive-seed1,validation_D,29,success,139
predictive-seed1,validation_D,30,success,134
predictive-seed1,validation_D,31,success,142
predictive-seed1,validation_D,32,static_collision_2,99
predictive-seed1,validation_D,33,success,139
predictive-seed1,validation_D,34,static_collision_1,16
predictive-seed1,validation_D,35,success,145
predictive-seed1,validation_D,36,static_collision_1,37
predictive-seed1,validation_D,37,static_collision_1,18
predictive-seed1,validation_D,38,static_collision_2,96
predictive-seed1,validation_D,39,success,138
predictive-seed1,validation_D,40,success,140
predictive-seed1,validation_D,41,success,139
predictive-seed1,validation_D,42,success,132
predictive-seed1,validation_D,43,success,139
predictive-seed1,validation_D,44,static_collision_1,22
predictive-seed1,validation_D,45,static_collision_1,16
predictive-seed1,validation_D,46,success,139
predictive-seed1,validation_D,47,success,140
predictive-seed1,validation_D,48,static_collision_1,19
predictive-seed1,validation_D,49,success,139
predictive-seed1,validation_D,50,static_collision_1,22
predictive-seed1,validation_D,51,success,138
predictive-seed1,validation_D,52,dynamic_collision,57
predictive-seed1,validation_D,53,dynamic_collision,77
predictive-seed1,validation_D,54,success,140
predictive-seed1,validation_D,55,success,130
predictive-seed1,validation_D,56,success,129
predictive-seed1,validation_D,57,success,140
predictive-seed1,validation_D,58,success,133
predictive-seed1,validation_D,59,success,141
predictive-seed1,common_encounters,0,success,134
predictive-seed1,common_encounters,1,success,131
predictive-seed1,common_encounters,2,success,143
predictive-seed1,common_encounters,3,success,139
predictive-seed1,common_encounters,4,success,139
predictive-seed1,common_encounters,5,success,134
predictive-seed1,common_encounters,6,success,131
predictive-seed1,common_encounters,7,success,144
predictive-seed1,common_encounters,8,success,137
predictive-seed1,common_encounters,9,success,133
predictive-seed1,common_encounters,10,success,139
predictive-seed1,common_encounters,11,static_collision_2,103
predictive-seed1,common_encounters,12,success,140
predictive-seed1,common_encounters,13,success,139
predictive-seed1,common_encounters,14,success,142
predictive-seed1,common_encounters,15,success,139
predictive-seed1,common_encounters,16,success,131
predictive-seed1,common_encounters,17,success,132
predictive-seed1,common_encounters,18,success,135
predictive-seed1,common_encounters,19,success,138
predictive-seed1,common_encounters,20,success,130
predictive-seed1,common_encounters,21,success,133
predictive-seed1,common_encounters,22,static_collision_2,94
predictive-seed1,common_encounters,23,success,140
predictive-seed1,common_encounters,24,success,139
predictive-seed1,common_encounters,25,success,139
predictive-seed1,common_encounters,26,success,145
predictive-seed1,common_encounters,27,success,146
predictive-seed1,common_encounters,28,success,135
predictive-seed1,common_encounters,29,static_collision_1,23
predictive-seed1,common_encounters,30,success,135
predictive-seed1,common_encounters,31,success,132
predictive-seed1,common_encounters,32,success,134
predictive-seed1,common_encounters,33,success,129
predictive-seed1,common_encounters,34,static_collision_1,20
predictive-seed1,common_encounters,35,success,134
predictive-seed1,common_encounters,36,success,136
predictive-seed1,common_encounters,37,success,139
predictive-seed1,common_encounters,38,static_collision_1,47
predictive-seed1,common_encounters,39,static_collision_2,80
predictive-seed1,common_encounters,40,success,137
predictive-seed1,common_encounters,41,success,141
predictive-seed1,common_encounters,42,success,138
predictive-seed1,common_encounters,43,success,131
predictive-seed1,common_encounters,44,success,137
predictive-seed1,common_encounters,45,success,138
predictive-seed1,common_encounters,46,success,139
predictive-seed1,common_encounters,47,success,138
predictive-seed1,common_encounters,48,success,145
predictive-seed1,common_encounters,49,success,138
predictive-seed1,common_encounters,50,success,140
predictive-seed1,common_encounters,51,success,138
predictive-seed1,common_encounters,52,success,140
predictive-seed1,common_encounters,53,success,142
predictive-seed1,common_encounters,54,success,138
predictive-seed1,common_encounters,55,success,138
predictive-seed1,common_encounters,56,success,135
predictive-seed1,common_encounters,57,success,141
predictive-seed1,common_encounters,58,success,136
predictive-seed1,common_encounters,59,static_collision_1,28
predictive-seed2,validation_D,0,success,137
predictive-seed2,validation_D,1,success,136
predictive-seed2,validation_D,2,static_collision_2,92
predictive-seed2,validation_D,3,success,145
predictive-seed2,validation_D,4,success,144
predictive-seed2,validation_D,5,static_collision_1,16
predictive-seed2,validation_D,6,success,140
predictive-seed2,validation_D,7,success,129
predictive-seed2,validation_D,8,success,133
predictive-seed2,validation_D,9,dynamic_collision,58
predictive-seed2,validation_D,10,static_collision_2,89
predictive-seed2,validation_D,11,success,147
predictive-seed2,validation_D,12,success,137
predictive-seed2,validation_D,13,success,148
predictive-seed2,validation_D,14,success,141
predictive-seed2,validation_D,15,dynamic_collision,70
predictive-seed2,validation_D,16,success,140
predictive-seed2,validation_D,17,success,137
predictive-seed2,validation_D,18,success,143
predictive-seed2,validation_D,19,success,144
predictive-seed2,validation_D,20,success,143
predictive-seed2,validation_D,21,dynamic_collision,78
predictive-seed2,validation_D,22,static_collision_2,92
predictive-seed2,validation_D,23,static_collision_2,88
predictive-seed2,validation_D,24,static_collision_1,23
predictive-seed2,validation_D,25,dynamic_collision,66
predictive-seed2,validation_D,26,success,138
predictive-seed2,validation_D,27,static_collision_1,34
predictive-seed2,validation_D,28,dynamic_collision,74
predictive-seed2,validation_D,29,static_collision_2,91
predictive-seed2,validation_D,30,success,134
predictive-seed2,validation_D,31,success,139
predictive-seed2,validation_D,32,success,146
predictive-seed2,validation_D,33,dynamic_collision,67
predictive-seed2,validation_D,34,static_collision_1,17
predictive-seed2,validation_D,35,success,145
predictive-seed2,validation_D,36,success,146
predictive-seed2,validation_D,37,static_collision_1,17
predictive-seed2,validation_D,38,static_collision_2,92
predictive-seed2,validation_D,39,success,137
predictive-seed2,validation_D,40,success,141
predictive-seed2,validation_D,41,success,138
predictive-seed2,validation_D,42,success,133
predictive-seed2,validation_D,43,dynamic_collision,65
predictive-seed2,validation_D,44,static_collision_1,19
predictive-seed2,validation_D,45,success,137
predictive-seed2,validation_D,46,static_collision_1,27
predictive-seed2,validation_D,47,static_collision_1,26
predictive-seed2,validation_D,48,static_collision_1,20
predictive-seed2,validation_D,49,dynamic_collision,78
predictive-seed2,validation_D,50,success,137
predictive-seed2,validation_D,51,success,135
predictive-seed2,validation_D,52,success,138
predictive-seed2,validation_D,53,success,141
predictive-seed2,validation_D,54,static_collision_2,91
predictive-seed2,validation_D,55,success,137
predictive-seed2,validation_D,56,success,129
predictive-seed2,validation_D,57,success,143
predictive-seed2,validation_D,58,success,133
predictive-seed2,validation_D,59,success,140
predictive-seed2,common_encounters,0,success,134
predictive-seed2,common_encounters,1,success,132
predictive-seed2,common_encounters,2,dynamic_collision,68
predictive-seed2,common_encounters,3,static_collision_2,105
predictive-seed2,common_encounters,4,static_collision_2,86
predictive-seed2,common_encounters,5,success,134
predictive-seed2,common_encounters,6,success,129
predictive-seed2,common_encounters,7,success,148
predictive-seed2,common_encounters,8,success,132
predictive-seed2,common_encounters,9,success,133
predictive-seed2,common_encounters,10,success,144
predictive-seed2,common_encounters,11,success,146
predictive-seed2,common_encounters,12,success,138
predictive-seed2,common_encounters,13,success,136
predictive-seed2,common_encounters,14,success,140
predictive-seed2,common_encounters,15,success,144
predictive-seed2,common_encounters,16,success,132
predictive-seed2,common_encounters,17,success,133
predictive-seed2,common_encounters,18,static_collision_1,41
predictive-seed2,common_encounters,19,success,139
predictive-seed2,common_encounters,20,success,127
predictive-seed2,common_encounters,21,success,134
predictive-seed2,common_encounters,22,success,138
predictive-seed2,common_encounters,23,dynamic_collision,85
predictive-seed2,common_encounters,24,static_collision_2,97
predictive-seed2,common_encounters,25,static_collision_1,47
predictive-seed2,common_encounters,26,dynamic_collision,56
predictive-seed2,common_encounters,27,success,146
predictive-seed2,common_encounters,28,success,134
predictive-seed2,common_encounters,29,success,147
predictive-seed2,common_encounters,30,success,143
predictive-seed2,common_encounters,31,success,133
predictive-seed2,common_encounters,32,dynamic_collision,71
predictive-seed2,common_encounters,33,success,131
predictive-seed2,common_encounters,34,static_collision_1,21
predictive-seed2,common_encounters,35,success,137
predictive-seed2,common_encounters,36,success,142
predictive-seed2,common_encounters,37,dynamic_collision,61
predictive-seed2,common_encounters,38,static_collision_1,43
predictive-seed2,common_encounters,39,static_collision_2,81
predictive-seed2,common_encounters,40,success,138
predictive-seed2,common_encounters,41,success,140
predictive-seed2,common_encounters,42,success,146
predictive-seed2,common_encounters,43,dynamic_collision,49
predictive-seed2,common_encounters,44,static_collision_2,88
predictive-seed2,common_encounters,45,success,143
predictive-seed2,common_encounters,46,success,138
predictive-seed2,common_encounters,47,dynamic_collision,77
predictive-seed2,common_encounters,48,success,143
predictive-seed2,common_encounters,49,success,136
predictive-seed2,common_encounters,50,success,146
predictive-seed2,common_encounters,51,success,136
predictive-seed2,common_encounters,52,success,143
predictive-seed2,common_encounters,53,success,140
predictive-seed2,common_encounters,54,success,146
predictive-seed2,common_encounters,55,static_collision_1,43
predictive-seed2,common_encounters,56,success,138
predictive-seed2,common_encounters,57,success,143
predictive-seed2,common_encounters,58,success,138
predictive-seed2,common_encounters,59,success,150
predictive-seed3,validation_D,0,success,139
predictive-seed3,validation_D,1,success,139
predictive-seed3,validation_D,2,success,136
predictive-seed3,validation_D,3,success,142
predictive-seed3,validation_D,4,success,147
predictive-seed3,validation_D,5,success,139
predictive-seed3,validation_D,6,dynamic_collision,99
predictive-seed3,validation_D,7,success,134
predictive-seed3,validation_D,8,success,141
predictive-seed3,validation_D,9,success,137
predictive-seed3,validation_D,10,success,143
predictive-seed3,validation_D,11,success,144
predictive-seed3,validation_D,12,success,137
predictive-seed3,validation_D,13,success,144
predictive-seed3,validation_D,14,success,151
predictive-seed3,validation_D,15,static_collision_1,47
predictive-seed3,validation_D,16,success,144
predictive-seed3,validation_D,17,static_collision_1,16
predictive-seed3,validation_D,18,success,147
predictive-seed3,validation_D,19,success,142
predictive-seed3,validation_D,20,success,142
predictive-seed3,validation_D,21,static_collision_1,50
predictive-seed3,validation_D,22,success,134
predictive-seed3,validation_D,23,dynamic_collision,58
predictive-seed3,validation_D,24,static_collision_1,23
predictive-seed3,validation_D,25,success,138
predictive-seed3,validation_D,26,success,138
predictive-seed3,validation_D,27,success,133
predictive-seed3,validation_D,28,success,140
predictive-seed3,validation_D,29,success,142
predictive-seed3,validation_D,30,success,135
predictive-seed3,validation_D,31,success,143
predictive-seed3,validation_D,32,static_collision_1,54
predictive-seed3,validation_D,33,success,142
predictive-seed3,validation_D,34,static_collision_1,17
predictive-seed3,validation_D,35,success,148
predictive-seed3,validation_D,36,success,142
predictive-seed3,validation_D,37,static_collision_1,20
predictive-seed3,validation_D,38,success,143
predictive-seed3,validation_D,39,success,138
predictive-seed3,validation_D,40,success,142
predictive-seed3,validation_D,41,success,142
predictive-seed3,validation_D,42,success,137
predictive-seed3,validation_D,43,success,142
predictive-seed3,validation_D,44,success,147
predictive-seed3,validation_D,45,static_collision_1,17
predictive-seed3,validation_D,46,success,140
predictive-seed3,validation_D,47,success,142
predictive-seed3,validation_D,48,static_collision_1,19
predictive-seed3,validation_D,49,static_collision_2,102
predictive-seed3,validation_D,50,success,138
predictive-seed3,validation_D,51,success,143
predictive-seed3,validation_D,52,success,143
predictive-seed3,validation_D,53,dynamic_collision,80
predictive-seed3,validation_D,54,static_collision_1,47
predictive-seed3,validation_D,55,static_collision_1,53
predictive-seed3,validation_D,56,success,131
predictive-seed3,validation_D,57,success,143
predictive-seed3,validation_D,58,success,138
predictive-seed3,validation_D,59,success,143
predictive-seed3,common_encounters,0,success,138
predictive-seed3,common_encounters,1,success,133
predictive-seed3,common_encounters,2,success,149
predictive-seed3,common_encounters,3,static_collision_1,53
predictive-seed3,common_encounters,4,success,141
predictive-seed3,common_encounters,5,success,139
predictive-seed3,common_encounters,6,success,133
predictive-seed3,common_encounters,7,success,145
predictive-seed3,common_encounters,8,dynamic_collision,91
predictive-seed3,common_encounters,9,success,135
predictive-seed3,common_encounters,10,success,141
predictive-seed3,common_encounters,11,success,148
predictive-seed3,common_encounters,12,static_collision_1,55
predictive-seed3,common_encounters,13,success,143
predictive-seed3,common_encounters,14,success,148
predictive-seed3,common_encounters,15,success,146
predictive-seed3,common_encounters,16,dynamic_collision,76
predictive-seed3,common_encounters,17,success,134
predictive-seed3,common_encounters,18,success,138
predictive-seed3,common_encounters,19,success,141
predictive-seed3,common_encounters,20,success,130
predictive-seed3,common_encounters,21,success,136
predictive-seed3,common_encounters,22,static_collision_2,94
predictive-seed3,common_encounters,23,success,144
predictive-seed3,common_encounters,24,success,142
predictive-seed3,common_encounters,25,success,141
predictive-seed3,common_encounters,26,success,151
predictive-seed3,common_encounters,27,success,151
predictive-seed3,common_encounters,28,success,137
predictive-seed3,common_encounters,29,success,147
predictive-seed3,common_encounters,30,success,140
predictive-seed3,common_encounters,31,success,136
predictive-seed3,common_encounters,32,success,140
predictive-seed3,common_encounters,33,success,131
predictive-seed3,common_encounters,34,static_collision_1,23
predictive-seed3,common_encounters,35,success,139
predictive-seed3,common_encounters,36,success,144
predictive-seed3,common_encounters,37,static_collision_2,96
predictive-seed3,common_encounters,38,success,137
predictive-seed3,common_encounters,39,static_collision_2,84
predictive-seed3,common_encounters,40,static_collision_2,101
predictive-seed3,common_encounters,41,success,145
predictive-seed3,common_encounters,42,static_collision_1,52
predictive-seed3,common_encounters,43,success,137
predictive-seed3,common_encounters,44,success,139
predictive-seed3,common_encounters,45,static_collision_1,50
predictive-seed3,common_encounters,46,static_collision_2,96
predictive-seed3,common_encounters,47,static_collision_2,92
predictive-seed3,common_encounters,48,success,148
predictive-seed3,common_encounters,49,success,139
predictive-seed3,common_encounters,50,success,144
predictive-seed3,common_encounters,51,success,142
predictive-seed3,common_encounters,52,static_collision_1,51
predictive-seed3,common_encounters,53,success,144
predictive-seed3,common_encounters,54,success,141
predictive-seed3,common_encounters,55,success,140
predictive-seed3,common_encounters,56,success,139
predictive-seed3,common_encounters,57,success,144
predictive-seed3,common_encounters,58,static_collision_1,50
predictive-seed3,common_encounters,59,success,150
